x-axis,1,2
second,Volt,Volt
+3.87200E-03,-103.01507E-03,+48.24121E-03
+3.87300E-03,-126.88442E-03,+45.22613E-03
+3.87400E-03,-120.60301E-03,+40.20100E-03
+3.87500E-03,-120.60301E-03,+40.20100E-03
+3.87600E-03,-100.50251E-03,+48.24121E-03
+3.87700E-03,-120.60301E-03,+53.26633E-03
+3.87800E-03,-120.60301E-03,+48.24121E-03
+3.87900E-03,-120.60301E-03,+42.71357E-03
+3.88000E-03,-136.93467E-03,+40.20100E-03
+3.88100E-03,-120.60301E-03,+50.75377E-03
+3.88200E-03,-120.60301E-03,+48.24121E-03
+3.88300E-03,-140.70352E-03,+56.28141E-03
+3.88400E-03,-140.70352E-03,+48.24121E-03
+3.88500E-03,-140.70352E-03,+56.28141E-03
+3.88600E-03,-140.70352E-03,+57.28643E-03
+3.88700E-03,-140.70352E-03,+64.32161E-03
+3.88800E-03,-140.70352E-03,+56.28141E-03
+3.88900E-03,-140.70352E-03,+40.20100E-03
+3.89000E-03,-157.03517E-03,+54.77387E-03
+3.89100E-03,-160.80402E-03,+40.20100E-03
+3.89200E-03,-160.80402E-03,+56.28141E-03
+3.89300E-03,-173.36683E-03,+40.20100E-03
+3.89400E-03,-140.70352E-03,+48.24121E-03
+3.89500E-03,-140.70352E-03,+64.32161E-03
+3.89600E-03,-153.26633E-03,+64.32161E-03
+3.89700E-03,-140.70352E-03,+48.24121E-03
+3.89800E-03,-157.03517E-03,+49.24623E-03
+3.89900E-03,-133.16583E-03,+40.20100E-03
+3.90000E-03,-140.70352E-03,+49.24623E-03
+3.90100E-03,-153.26633E-03,+24.12060E-03
+3.90200E-03,-123.11558E-03,+30.65327E-03
+3.90300E-03,-146.98492E-03,+37.18593E-03
+3.90400E-03,-140.70352E-03,+56.28141E-03
+3.90500E-03,-140.70352E-03,+48.24121E-03
+3.90600E-03,-123.11558E-03,+41.20603E-03
+3.90700E-03,-140.70352E-03,+32.16080E-03
+3.90800E-03,-126.88442E-03,+22.61307E-03
+3.90900E-03,-133.16583E-03,+32.16080E-03
+3.91000E-03,-136.93467E-03,+33.16583E-03
+3.91100E-03,-140.70352E-03,+29.14573E-03
+3.91200E-03,-123.11558E-03,+22.61307E-03
+3.91300E-03,-100.50251E-03,+18.59296E-03
+3.91400E-03,-120.60301E-03,+9.04523E-03
+3.91500E-03,-100.50251E-03,+16.08040E-03
+3.91600E-03,-96.73367E-03,+34.67337E-03
+3.91700E-03,-106.78392E-03,+16.08040E-03
+3.91800E-03,-100.50251E-03,+22.61307E-03
+3.91900E-03,-100.50251E-03,+18.59296E-03
+3.92000E-03,-60.30151E-03,+32.16080E-03
+3.92100E-03,-72.86432E-03,+13.06533E-03
+3.92200E-03,-56.53266E-03,+16.08040E-03
+3.92300E-03,-52.76382E-03,+16.08040E-03
+3.92400E-03,-42.71357E-03,-6.53266E-03
+3.92500E-03,-46.48241E-03,-8.04020E-03
+3.92600E-03,-20.10050E-03,+6.53266E-03
+3.92700E-03,-52.76382E-03,-5.02513E-03
+3.92800E-03,-40.20100E-03,+0.0E+00
+3.92900E-03,-20.10050E-03,-13.06533E-03
+3.93000E-03,+0.0E+00,+0.0E+00
+3.93100E-03,+32.66332E-03,-10.55276E-03
+3.93200E-03,+20.10050E-03,-16.08040E-03
+3.93300E-03,+46.48241E-03,-16.08040E-03
+3.93400E-03,+40.20100E-03,-17.08543E-03
+3.93500E-03,+52.76382E-03,-2.51256E-03
+3.93600E-03,+60.30151E-03,-16.08040E-03
+3.93700E-03,+92.96482E-03,-8.04020E-03
+3.93800E-03,+80.40201E-03,-9.04523E-03
+3.93900E-03,+106.78392E-03,-18.59296E-03
+3.94000E-03,+103.01507E-03,-16.08040E-03
+3.94100E-03,+106.78392E-03,-18.59296E-03
+3.94200E-03,+140.70352E-03,-32.16080E-03
+3.94300E-03,+173.36683E-03,-26.63317E-03
+3.94400E-03,+177.13568E-03,-38.69347E-03
+3.94500E-03,+193.46733E-03,-40.20100E-03
+3.94600E-03,+201.00502E-03,-41.20603E-03
+3.94700E-03,+187.18593E-03,-45.22613E-03
+3.94800E-03,+221.10553E-03,-40.20100E-03
+3.94900E-03,+227.38693E-03,-45.22613E-03
+3.95000E-03,+261.30653E-03,-48.24121E-03
+3.95100E-03,+261.30653E-03,-37.18593E-03
+3.95200E-03,+281.40703E-03,-54.77387E-03
+3.95300E-03,+314.07035E-03,-50.75377E-03
+3.95400E-03,+301.50753E-03,-49.24623E-03
+3.95500E-03,+321.60804E-03,-53.26633E-03
+3.95600E-03,+321.60804E-03,-46.73367E-03
+3.95700E-03,+368.09045E-03,-56.28141E-03
+3.95800E-03,+381.90954E-03,-49.24623E-03
+3.95900E-03,+402.01005E-03,-40.20100E-03
+3.96000E-03,+402.01005E-03,-49.24623E-03
+3.96100E-03,+422.11055E-03,-58.79397E-03
+3.96200E-03,+454.77386E-03,-57.28643E-03
+3.96300E-03,+454.77386E-03,-58.79397E-03
+3.96400E-03,+482.41206E-03,-72.36181E-03
+3.96500E-03,+494.97487E-03,-64.32161E-03
+3.96600E-03,+482.41206E-03,-57.28643E-03
+3.96700E-03,+515.07537E-03,-56.28141E-03
+3.96800E-03,+518.84422E-03,-64.32161E-03
+3.96900E-03,+535.17587E-03,-69.34673E-03
+3.97000E-03,+562.81406E-03,-57.28643E-03
+3.97100E-03,+548.99497E-03,-64.32161E-03
+3.97200E-03,+599.24622E-03,-41.20603E-03
+3.97300E-03,+603.01507E-03,-45.22613E-03
+3.97400E-03,+603.01507E-03,-57.28643E-03
+3.97500E-03,+629.39698E-03,-72.36181E-03
+3.97600E-03,+663.31658E-03,-57.28643E-03
+3.97700E-03,+655.77889E-03,-53.26633E-03
+3.97800E-03,+683.41708E-03,-54.77387E-03
+3.97900E-03,+689.69849E-03,-61.30653E-03
+3.98000E-03,+719.84924E-03,-57.28643E-03
+3.98100E-03,+709.79899E-03,-56.28141E-03
+3.98200E-03,+726.13065E-03,-48.24121E-03
+3.98300E-03,+743.71858E-03,-50.75377E-03
+3.98400E-03,+743.71858E-03,-49.24623E-03
+3.98500E-03,+756.28140E-03,-45.22613E-03
+3.98600E-03,+780.15075E-03,-48.24121E-03
+3.98700E-03,+770.10049E-03,-53.26633E-03
+3.98800E-03,+804.02009E-03,-48.24121E-03
+3.98900E-03,+816.58291E-03,-48.24121E-03
+3.99000E-03,+824.12059E-03,-56.28141E-03
+3.99100E-03,+810.30150E-03,-48.24121E-03
+3.99200E-03,+830.40200E-03,-54.77387E-03
+3.99300E-03,+850.50250E-03,-40.20100E-03
+3.99400E-03,+844.22110E-03,-48.24121E-03
+3.99500E-03,+850.50250E-03,-48.24121E-03
+3.99600E-03,+864.32160E-03,-40.20100E-03
+3.99700E-03,+870.60301E-03,-37.18593E-03
+3.99800E-03,+866.83416E-03,-40.20100E-03
+3.99900E-03,+896.98492E-03,-42.71357E-03
+4.00000E-03,+866.83416E-03,-32.16080E-03
+4.00100E-03,+876.88441E-03,-34.67337E-03
+4.00200E-03,+886.93466E-03,-22.61307E-03
+4.00300E-03,+896.98492E-03,-24.12060E-03
+4.00400E-03,+904.52260E-03,-48.24121E-03
+4.00500E-03,+904.52260E-03,-40.20100E-03
+4.00600E-03,+900.75376E-03,-25.12563E-03
+4.00700E-03,+904.52260E-03,-32.16080E-03
+4.00800E-03,+900.75376E-03,-33.16583E-03
+4.00900E-03,+917.08542E-03,-26.63317E-03
+4.01000E-03,+904.52260E-03,-17.08543E-03
+4.01100E-03,+924.62311E-03,-16.08040E-03
+4.01200E-03,+884.42210E-03,-22.61307E-03
+4.01300E-03,+904.52260E-03,-21.10553E-03
+4.01400E-03,+886.93466E-03,-8.04020E-03
+4.01500E-03,+890.70351E-03,-8.04020E-03
+4.01600E-03,+864.32160E-03,-8.04020E-03
+4.01700E-03,+864.32160E-03,-10.55276E-03
+4.01800E-03,+860.55275E-03,-8.04020E-03
+4.01900E-03,+876.88441E-03,-16.08040E-03
+4.02000E-03,+860.55275E-03,-16.08040E-03
+4.02100E-03,+864.32160E-03,-10.55276E-03
+4.02200E-03,+844.22110E-03,-8.04020E-03
+4.02300E-03,+836.68341E-03,-2.51256E-03
+4.02400E-03,+824.12059E-03,-14.57286E-03
+4.02500E-03,+810.30150E-03,-8.04020E-03
+4.02600E-03,+804.02009E-03,-1.00503E-03
+4.02700E-03,+796.48240E-03,+2.51256E-03
+4.02800E-03,+766.33165E-03,+2.51256E-03
+4.02900E-03,+783.91959E-03,+8.04020E-03
+4.03000E-03,+776.38190E-03,+16.08040E-03
+4.03100E-03,+743.71858E-03,+8.04020E-03
+4.03200E-03,+763.81909E-03,+16.08040E-03
+4.03300E-03,+743.71858E-03,+8.04020E-03
+4.03400E-03,+723.61808E-03,+9.04523E-03
+4.03500E-03,+695.97989E-03,+8.04020E-03
+4.03600E-03,+699.74874E-03,+1.00503E-03
+4.03700E-03,+669.59798E-03,+8.04020E-03
+4.03800E-03,+683.41708E-03,+24.12060E-03
+4.03900E-03,+629.39698E-03,+8.04020E-03
+4.04000E-03,+643.21607E-03,+14.57286E-03
+4.04100E-03,+623.11557E-03,+8.04020E-03
+4.04200E-03,+605.52763E-03,+0.0E+00
+4.04300E-03,+589.19597E-03,+8.04020E-03
+4.04400E-03,+565.32663E-03,+16.08040E-03
+4.04500E-03,+555.27638E-03,+2.51256E-03
+4.04600E-03,+562.81406E-03,+16.08040E-03
+4.04700E-03,+542.71356E-03,+32.16080E-03
+4.04800E-03,+505.02512E-03,+17.08543E-03
+4.04900E-03,+488.69346E-03,+16.08040E-03
+4.05000E-03,+498.74371E-03,+14.57286E-03
+4.05100E-03,+462.31155E-03,+18.59296E-03
+4.05200E-03,+458.54271E-03,+22.61307E-03
+4.05300E-03,+442.21105E-03,+24.12060E-03
+4.05400E-03,+434.67336E-03,+14.57286E-03
+4.05500E-03,+394.47236E-03,+24.12060E-03
+4.05600E-03,+384.42211E-03,+40.20100E-03
+4.05700E-03,+388.19095E-03,+32.16080E-03
+4.05800E-03,+361.80904E-03,+24.12060E-03
+4.05900E-03,+354.27135E-03,+24.12060E-03
+4.06000E-03,+324.12060E-03,-5.02513E-03
+4.06100E-03,+307.78894E-03,+2.51256E-03
+4.06200E-03,+301.50753E-03,+8.04020E-03
+4.06300E-03,+261.30653E-03,+8.04020E-03
+4.06400E-03,+257.53769E-03,-6.53266E-03
+4.06500E-03,+247.48743E-03,+8.04020E-03
+4.06600E-03,+241.20603E-03,+14.57286E-03
+4.06700E-03,+221.10553E-03,+26.63317E-03
+4.06800E-03,+217.33668E-03,+24.12060E-03
+4.06900E-03,+193.46733E-03,+13.06533E-03
+4.07000E-03,+180.90452E-03,+8.04020E-03
+4.07100E-03,+173.36683E-03,-5.02513E-03
+4.07200E-03,+160.80402E-03,+0.0E+00
+4.07300E-03,+146.98492E-03,+0.0E+00
+4.07400E-03,+136.93467E-03,+25.12563E-03
+4.07500E-03,+120.60301E-03,+16.08040E-03
+4.07600E-03,+103.01507E-03,+1.00503E-03
+4.07700E-03,+113.06533E-03,-5.02513E-03
+4.07800E-03,+82.91457E-03,-8.04020E-03
+4.07900E-03,+52.76382E-03,-8.04020E-03
+4.08000E-03,+60.30151E-03,-14.57286E-03
+4.08100E-03,+52.76382E-03,+0.0E+00
+4.08200E-03,+2.51256E-03,+8.04020E-03
+4.08300E-03,+20.10050E-03,-2.51256E-03
+4.08400E-03,+16.33166E-03,+13.06533E-03
+4.08500E-03,+0.0E+00,-2.51256E-03
+4.08600E-03,-20.10050E-03,+1.00503E-03
+4.08700E-03,-20.10050E-03,-8.04020E-03
+4.08800E-03,+0.0E+00,-8.04020E-03
+4.08900E-03,-6.28141E-03,-2.51256E-03
+4.09000E-03,-40.20100E-03,-8.04020E-03
+4.09100E-03,-40.20100E-03,-21.10553E-03
+4.09200E-03,-56.53266E-03,-16.08040E-03
+4.09300E-03,-46.48241E-03,-24.12060E-03
+4.09400E-03,-76.63317E-03,-32.16080E-03
+4.09500E-03,-92.96482E-03,-34.67337E-03
+4.09600E-03,-109.29648E-03,-32.16080E-03
+4.09700E-03,-80.40201E-03,-45.22613E-03
+4.09800E-03,-96.73367E-03,-25.12563E-03
+4.09900E-03,-86.68342E-03,-26.63317E-03
+4.10000E-03,-116.83417E-03,-32.16080E-03
+4.10100E-03,-106.78392E-03,-34.67337E-03
+4.10200E-03,-120.60301E-03,-32.16080E-03
+4.10300E-03,-113.06533E-03,-32.16080E-03
+4.10400E-03,-103.01507E-03,-24.12060E-03
+4.10500E-03,-120.60301E-03,-42.71357E-03
+4.10600E-03,-153.26633E-03,-54.77387E-03
+4.10700E-03,-133.16583E-03,-42.71357E-03
+4.10800E-03,-140.70352E-03,-53.26633E-03
+4.10900E-03,-140.70352E-03,-42.71357E-03
+4.11000E-03,-120.60301E-03,-64.32161E-03
+4.11100E-03,-140.70352E-03,-48.24121E-03
+4.11200E-03,-140.70352E-03,-48.24121E-03
+4.11300E-03,-160.80402E-03,-34.67337E-03
+4.11400E-03,-143.21608E-03,-40.20100E-03
+4.11500E-03,-146.98492E-03,-48.24121E-03
+4.11600E-03,-157.03517E-03,-48.24121E-03
+4.11700E-03,-140.70352E-03,-40.20100E-03
+4.11800E-03,-143.21608E-03,-49.24623E-03
+4.11900E-03,-140.70352E-03,-50.75377E-03
+4.12000E-03,-157.03517E-03,-54.77387E-03
+4.12100E-03,-140.70352E-03,-40.20100E-03
+4.12200E-03,-143.21608E-03,-70.85427E-03
+4.12300E-03,-146.98492E-03,-58.79397E-03
+4.12400E-03,-160.80402E-03,-64.32161E-03
+4.12500E-03,-167.08543E-03,-64.32161E-03
+4.12600E-03,-143.21608E-03,-57.28643E-03
+4.12700E-03,-146.98492E-03,-56.28141E-03
+4.12800E-03,-140.70352E-03,-64.32161E-03
+4.12900E-03,-146.98492E-03,-58.79397E-03
+4.13000E-03,-157.03517E-03,-57.28643E-03
+4.13100E-03,-133.16583E-03,-56.28141E-03
+4.13200E-03,-160.80402E-03,-33.16583E-03
+4.13300E-03,-140.70352E-03,-58.79397E-03
+4.13400E-03,-140.70352E-03,-70.85427E-03
+4.13500E-03,-126.88442E-03,-64.32161E-03
+4.13600E-03,-157.03517E-03,-65.32663E-03
+4.13700E-03,-126.88442E-03,-50.75377E-03
+4.13800E-03,-140.70352E-03,-48.24121E-03
+4.13900E-03,-120.60301E-03,-48.24121E-03
+4.14000E-03,-120.60301E-03,-57.28643E-03
+4.14100E-03,-113.06533E-03,-45.22613E-03
+4.14200E-03,-106.78392E-03,-41.20603E-03
+4.14300E-03,-100.50251E-03,-53.26633E-03
+4.14400E-03,-113.06533E-03,-48.24121E-03
+4.14500E-03,-113.06533E-03,-48.24121E-03
+4.14600E-03,-103.01507E-03,-40.20100E-03
+4.14700E-03,-100.50251E-03,-40.20100E-03
+4.14800E-03,-100.50251E-03,-49.24623E-03
+4.14900E-03,-100.50251E-03,-50.75377E-03
+4.15000E-03,-103.01507E-03,-54.77387E-03
+4.15100E-03,-92.96482E-03,-40.20100E-03
+4.15200E-03,-86.68342E-03,-33.16583E-03
+4.15300E-03,-60.30151E-03,-26.63317E-03
+4.15400E-03,-100.50251E-03,-32.16080E-03
+4.15500E-03,-66.58291E-03,-32.16080E-03
+4.15600E-03,-80.40201E-03,-22.61307E-03
+4.15700E-03,-92.96482E-03,-21.10553E-03
+4.15800E-03,-76.63317E-03,-17.08543E-03
+4.15900E-03,-72.86432E-03,-16.08040E-03
+4.16000E-03,-60.30151E-03,-8.04020E-03
+4.16100E-03,-72.86432E-03,-8.04020E-03
+4.16200E-03,-72.86432E-03,-14.57286E-03
+4.16300E-03,-52.76382E-03,-8.04020E-03
+4.16400E-03,-42.71357E-03,-14.57286E-03
+4.16500E-03,-60.30151E-03,-8.04020E-03
+4.16600E-03,-40.20100E-03,+0.0E+00
+4.16700E-03,-40.20100E-03,-2.51256E-03
+4.16800E-03,-22.61307E-03,+6.53266E-03
+4.16900E-03,-20.10050E-03,+2.51256E-03
+4.17000E-03,-22.61307E-03,+8.04020E-03
+4.17100E-03,-20.10050E-03,-8.04020E-03
+4.17200E-03,+0.0E+00,+0.0E+00
+4.17300E-03,-20.10050E-03,+16.08040E-03
+4.17400E-03,-20.10050E-03,+16.08040E-03
+4.17500E-03,-26.38191E-03,+13.06533E-03
+4.17600E-03,-2.51256E-03,+16.08040E-03
+4.17700E-03,-32.66332E-03,+21.10553E-03
+4.17800E-03,+2.51256E-03,+22.61307E-03
+4.17900E-03,+0.0E+00,+18.59296E-03
+4.18000E-03,+2.51256E-03,+30.65327E-03
+4.18100E-03,+12.56281E-03,+24.12060E-03
+4.18200E-03,+0.0E+00,+17.08543E-03
+4.18300E-03,+6.28141E-03,+32.16080E-03
+4.18400E-03,+2.51256E-03,+40.20100E-03
+4.18500E-03,+12.56281E-03,+32.16080E-03
+4.18600E-03,+0.0E+00,+24.12060E-03
+4.18700E-03,+20.10050E-03,+37.18593E-03
+4.18800E-03,+2.51256E-03,+25.12563E-03
+4.18900E-03,+20.10050E-03,+32.16080E-03
+4.19000E-03,+20.10050E-03,+32.16080E-03
+4.19100E-03,+6.28141E-03,+48.24121E-03
+4.19200E-03,-12.56281E-03,+49.24623E-03
+4.19300E-03,+0.0E+00,+42.71357E-03
+4.19400E-03,+20.10050E-03,+48.24121E-03
+4.19500E-03,+20.10050E-03,+29.14573E-03
+4.19600E-03,+40.20100E-03,+46.73367E-03
+4.19700E-03,+32.66332E-03,+50.75377E-03
+4.19800E-03,+36.43216E-03,+40.20100E-03
+4.19900E-03,-6.28141E-03,+32.16080E-03
+4.20000E-03,+20.10050E-03,+32.16080E-03
+4.20100E-03,+6.28141E-03,+53.26633E-03
+4.20200E-03,+20.10050E-03,+42.71357E-03
+4.20300E-03,+20.10050E-03,+42.71357E-03
+4.20400E-03,+20.10050E-03,+48.24121E-03
+4.20500E-03,+20.10050E-03,+37.18593E-03
+4.20600E-03,+20.10050E-03,+33.16583E-03
+4.20700E-03,+26.38191E-03,+29.14573E-03
+4.20800E-03,+16.33166E-03,+16.08040E-03
+4.20900E-03,-20.10050E-03,+34.67337E-03
+4.21000E-03,+16.33166E-03,+22.61307E-03
+4.21100E-03,+6.28141E-03,+32.16080E-03
+4.21200E-03,+0.0E+00,+33.16583E-03
+4.21300E-03,-6.28141E-03,+18.59296E-03
+4.21400E-03,+20.10050E-03,+40.20100E-03
+4.21500E-03,+20.10050E-03,+24.12060E-03
+4.21600E-03,+0.0E+00,+22.61307E-03
+4.21700E-03,+0.0E+00,+21.10553E-03
+4.21800E-03,+2.51256E-03,+9.04523E-03
+4.21900E-03,-12.56281E-03,+13.06533E-03
+4.22000E-03,-20.10050E-03,+16.08040E-03
+4.22100E-03,+6.28141E-03,+16.08040E-03
+4.22200E-03,-36.43216E-03,+22.61307E-03
+4.22300E-03,-12.56281E-03,+8.04020E-03
+4.22400E-03,-20.10050E-03,+16.08040E-03
+4.22500E-03,-26.38191E-03,+16.08040E-03
+4.22600E-03,-16.33166E-03,+6.53266E-03
+4.22700E-03,-20.10050E-03,+8.04020E-03
+4.22800E-03,-20.10050E-03,+14.57286E-03
+4.22900E-03,-26.38191E-03,+5.02513E-03
+4.23000E-03,-20.10050E-03,+0.0E+00
+4.23100E-03,-20.10050E-03,+21.10553E-03
+4.23200E-03,-40.20100E-03,+1.00503E-03
+4.23300E-03,-20.10050E-03,-16.08040E-03
+4.23400E-03,-20.10050E-03,-24.12060E-03
+4.23500E-03,-12.56281E-03,-18.59296E-03
+4.23600E-03,-2.51256E-03,-9.04523E-03
+4.23700E-03,-60.30151E-03,-10.55276E-03
+4.23800E-03,-40.20100E-03,-22.61307E-03
+4.23900E-03,-40.20100E-03,-16.08040E-03
+4.24000E-03,-56.53266E-03,-22.61307E-03
+4.24100E-03,-46.48241E-03,-16.08040E-03
+4.24200E-03,-60.30151E-03,-22.61307E-03
+4.24300E-03,-46.48241E-03,-26.63317E-03
+4.24400E-03,-46.48241E-03,-24.12060E-03
+4.24500E-03,-52.76382E-03,-24.12060E-03
+4.24600E-03,-56.53266E-03,-16.08040E-03
+4.24700E-03,-72.86432E-03,-18.59296E-03
+4.24800E-03,-42.71357E-03,-24.12060E-03
+4.24900E-03,-60.30151E-03,-21.10553E-03
+4.25000E-03,-60.30151E-03,-24.12060E-03
+4.25100E-03,-86.68342E-03,-24.12060E-03
+4.25200E-03,-60.30151E-03,-46.73367E-03
+4.25300E-03,-46.48241E-03,-53.26633E-03
+4.25400E-03,-26.38191E-03,-49.24623E-03
+4.25500E-03,-46.48241E-03,-50.75377E-03
+4.25600E-03,-60.30151E-03,-41.20603E-03
+4.25700E-03,-60.30151E-03,-42.71357E-03
+4.25800E-03,-60.30151E-03,-40.20100E-03
+4.25900E-03,-60.30151E-03,-40.20100E-03
+4.26000E-03,-66.58291E-03,-40.20100E-03
+4.26100E-03,-66.58291E-03,-48.24121E-03
+4.26200E-03,-62.81407E-03,-38.69347E-03
+4.26300E-03,-80.40201E-03,-40.20100E-03
+4.26400E-03,-80.40201E-03,-40.20100E-03
+4.26500E-03,-60.30151E-03,-48.24121E-03
+4.26600E-03,-82.91457E-03,-48.24121E-03
+4.26700E-03,-80.40201E-03,-48.24121E-03
+4.26800E-03,-76.63317E-03,-32.16080E-03
+4.26900E-03,-80.40201E-03,-32.16080E-03
+4.27000E-03,-80.40201E-03,-24.12060E-03
+4.27100E-03,-72.86432E-03,-48.24121E-03
+4.27200E-03,-96.73367E-03,-45.22613E-03
+4.27300E-03,-46.48241E-03,-40.20100E-03
+4.27400E-03,-80.40201E-03,-46.73367E-03
+4.27500E-03,-46.48241E-03,-32.16080E-03
+4.27600E-03,-60.30151E-03,-38.69347E-03
+4.27700E-03,-60.30151E-03,-37.18593E-03
+4.27800E-03,-96.73367E-03,-40.20100E-03
+4.27900E-03,-72.86432E-03,-37.18593E-03
+4.28000E-03,-80.40201E-03,-30.65327E-03
+4.28100E-03,-66.58291E-03,-24.12060E-03
+4.28200E-03,-62.81407E-03,-25.12563E-03
+4.28300E-03,-66.58291E-03,-40.20100E-03
+4.28400E-03,-56.53266E-03,-32.16080E-03
+4.28500E-03,-40.20100E-03,-18.59296E-03
+4.28600E-03,-56.53266E-03,-24.12060E-03
+4.28700E-03,-40.20100E-03,-24.12060E-03
+4.28800E-03,-42.71357E-03,-32.16080E-03
+4.28900E-03,-52.76382E-03,-16.08040E-03
+4.29000E-03,-40.20100E-03,-24.12060E-03
+4.29100E-03,-52.76382E-03,-32.16080E-03
+4.29200E-03,-40.20100E-03,-25.12563E-03
+4.29300E-03,-60.30151E-03,-21.10553E-03
+4.29400E-03,-60.30151E-03,-1.00503E-03
+4.29500E-03,-52.76382E-03,-13.06533E-03
+4.29600E-03,-42.71357E-03,-14.57286E-03
+4.29700E-03,-26.38191E-03,-8.04020E-03
+4.29800E-03,-40.20100E-03,+0.0E+00
+4.29900E-03,-46.48241E-03,-2.51256E-03
+4.30000E-03,-40.20100E-03,-8.04020E-03
+4.30100E-03,-26.38191E-03,-16.08040E-03
+4.30200E-03,-42.71357E-03,-9.04523E-03
+4.30300E-03,-52.76382E-03,+0.0E+00
+4.30400E-03,-20.10050E-03,+6.53266E-03
+4.30500E-03,-32.66332E-03,+8.04020E-03
+4.30600E-03,-56.53266E-03,+0.0E+00
+4.30700E-03,-32.66332E-03,-2.51256E-03
+4.30800E-03,-60.30151E-03,-16.08040E-03
+4.30900E-03,+6.28141E-03,-5.02513E-03
+4.31000E-03,-36.43216E-03,+1.00503E-03
+4.31100E-03,-52.76382E-03,+5.02513E-03
+4.31200E-03,-56.53266E-03,+14.57286E-03
+4.31300E-03,-60.30151E-03,+8.04020E-03
+4.31400E-03,-40.20100E-03,+8.04020E-03
+4.31500E-03,-52.76382E-03,+2.51256E-03
+4.31600E-03,-56.53266E-03,+8.04020E-03
+4.31700E-03,-40.20100E-03,+8.04020E-03
+4.31800E-03,-22.61307E-03,+8.04020E-03
+4.31900E-03,-32.66332E-03,+2.51256E-03
+4.32000E-03,-20.10050E-03,+16.08040E-03
+4.32100E-03,-46.48241E-03,+21.10553E-03
+4.32200E-03,-40.20100E-03,+14.57286E-03
+4.32300E-03,-6.28141E-03,+8.04020E-03
+4.32400E-03,-40.20100E-03,+17.08543E-03
+4.32500E-03,-26.38191E-03,+32.16080E-03
+4.32600E-03,-36.43216E-03,+17.08543E-03
+4.32700E-03,+0.0E+00,+8.04020E-03
+4.32800E-03,+0.0E+00,+1.00503E-03
+4.32900E-03,-20.10050E-03,+8.04020E-03
+4.33000E-03,-2.51256E-03,+14.57286E-03
+4.33100E-03,-26.38191E-03,+8.04020E-03
+4.33200E-03,-20.10050E-03,-1.00503E-03
+4.33300E-03,-32.66332E-03,+8.04020E-03
+4.33400E-03,+12.56281E-03,+22.61307E-03
+4.33500E-03,-12.56281E-03,+24.12060E-03
+4.33600E-03,-40.20100E-03,+0.0E+00
+4.33700E-03,-32.66332E-03,+0.0E+00
+4.33800E-03,-36.43216E-03,+16.08040E-03
+4.33900E-03,-26.38191E-03,+29.14573E-03
+4.34000E-03,-20.10050E-03,+24.12060E-03
+4.34100E-03,-12.56281E-03,+26.63317E-03
+4.34200E-03,-36.43216E-03,+25.12563E-03
+4.34300E-03,-32.66332E-03,+34.67337E-03
+4.34400E-03,-36.43216E-03,+30.65327E-03
+4.34500E-03,-20.10050E-03,+16.08040E-03
+4.34600E-03,-36.43216E-03,+2.51256E-03
+4.34700E-03,-26.38191E-03,+5.02513E-03
+4.34800E-03,-36.43216E-03,+16.08040E-03
+4.34900E-03,-40.20100E-03,+18.59296E-03
+4.35000E-03,-20.10050E-03,+16.08040E-03
+4.35100E-03,-20.10050E-03,+21.10553E-03
+4.35200E-03,-36.43216E-03,+16.08040E-03
+4.35300E-03,-6.28141E-03,+13.06533E-03
+4.35400E-03,-20.10050E-03,+17.08543E-03
+4.35500E-03,-72.86432E-03,+24.12060E-03
+4.35600E-03,-22.61307E-03,+8.04020E-03
+4.35700E-03,-20.10050E-03,+13.06533E-03
+4.35800E-03,-60.30151E-03,+14.57286E-03
+4.35900E-03,-52.76382E-03,+16.08040E-03
+4.36000E-03,-40.20100E-03,+17.08543E-03
+4.36100E-03,-26.38191E-03,+18.59296E-03
+4.36200E-03,-20.10050E-03,+6.53266E-03
+4.36300E-03,-40.20100E-03,+10.55276E-03
+4.36400E-03,-20.10050E-03,+0.0E+00
+4.36500E-03,-20.10050E-03,+8.04020E-03
+4.36600E-03,-20.10050E-03,+14.57286E-03
+4.36700E-03,-40.20100E-03,+16.08040E-03
+4.36800E-03,-56.53266E-03,+1.00503E-03
+4.36900E-03,-32.66332E-03,+16.08040E-03
+4.37000E-03,-42.71357E-03,+8.04020E-03
+4.37100E-03,-52.76382E-03,+8.04020E-03
+4.37200E-03,-42.71357E-03,-8.04020E-03
+4.37300E-03,-6.28141E-03,-5.02513E-03
+4.37400E-03,-20.10050E-03,+8.04020E-03
+4.37500E-03,-40.20100E-03,+2.51256E-03
+4.37600E-03,-36.43216E-03,+8.04020E-03
+4.37700E-03,-40.20100E-03,+8.04020E-03
+4.37800E-03,-40.20100E-03,+8.04020E-03
+4.37900E-03,-40.20100E-03,+0.0E+00
+4.38000E-03,-42.71357E-03,+9.04523E-03
+4.38100E-03,-46.48241E-03,-2.51256E-03
+4.38200E-03,-36.43216E-03,+0.0E+00
+4.38300E-03,-40.20100E-03,+2.51256E-03
+4.38400E-03,-40.20100E-03,-1.00503E-03
+4.38500E-03,-26.38191E-03,+0.0E+00
+4.38600E-03,-42.71357E-03,-1.00503E-03
+4.38700E-03,-40.20100E-03,-8.04020E-03
+4.38800E-03,-60.30151E-03,-9.04523E-03
+4.38900E-03,-46.48241E-03,-24.12060E-03
+4.39000E-03,-22.61307E-03,-14.57286E-03
+4.39100E-03,-26.38191E-03,-16.08040E-03
+4.39200E-03,-40.20100E-03,-16.08040E-03
+4.39300E-03,-26.38191E-03,-16.08040E-03
+4.39400E-03,-40.20100E-03,-32.16080E-03
+4.39500E-03,-52.76382E-03,-29.14573E-03
+4.39600E-03,-72.86432E-03,-38.69347E-03
+4.39700E-03,-40.20100E-03,-29.14573E-03
+4.39800E-03,-42.71357E-03,-24.12060E-03
+4.39900E-03,-40.20100E-03,-16.08040E-03
+4.40000E-03,-40.20100E-03,-16.08040E-03
+4.40100E-03,-46.48241E-03,-24.12060E-03
+4.40200E-03,-56.53266E-03,-32.16080E-03
+4.40300E-03,-60.30151E-03,-32.16080E-03
+4.40400E-03,-56.53266E-03,-16.08040E-03
+4.40500E-03,-60.30151E-03,-18.59296E-03
+4.40600E-03,-36.43216E-03,-16.08040E-03
+4.40700E-03,-32.66332E-03,-21.10553E-03
+4.40800E-03,-22.61307E-03,-30.65327E-03
+4.40900E-03,-20.10050E-03,-24.12060E-03
+4.41000E-03,-40.20100E-03,-17.08543E-03
+4.41100E-03,-32.66332E-03,-24.12060E-03
+4.41200E-03,-36.43216E-03,-25.12563E-03
+4.41300E-03,-40.20100E-03,-29.14573E-03
+4.41400E-03,-40.20100E-03,-22.61307E-03
+4.41500E-03,-26.38191E-03,-24.12060E-03
+4.41600E-03,-40.20100E-03,-37.18593E-03
+4.41700E-03,-32.66332E-03,-24.12060E-03
+4.41800E-03,-40.20100E-03,-22.61307E-03
+4.41900E-03,-52.76382E-03,-26.63317E-03
+4.42000E-03,-40.20100E-03,-16.08040E-03
+4.42100E-03,-52.76382E-03,-24.12060E-03
+4.42200E-03,-22.61307E-03,-22.61307E-03
+4.42300E-03,-26.38191E-03,-24.12060E-03
+4.42400E-03,-40.20100E-03,-22.61307E-03
+4.42500E-03,-26.38191E-03,-24.12060E-03
+4.42600E-03,-40.20100E-03,-29.14573E-03
+4.42700E-03,-26.38191E-03,-18.59296E-03
+4.42800E-03,-56.53266E-03,-8.04020E-03
+4.42900E-03,-46.48241E-03,-24.12060E-03
+4.43000E-03,-40.20100E-03,-17.08543E-03
+4.43100E-03,-40.20100E-03,-16.08040E-03
+4.43200E-03,-40.20100E-03,-16.08040E-03
+4.43300E-03,-40.20100E-03,-24.12060E-03
+4.43400E-03,-60.30151E-03,-16.08040E-03
+4.43500E-03,-52.76382E-03,-26.63317E-03
+4.43600E-03,-52.76382E-03,-32.16080E-03
+4.43700E-03,-40.20100E-03,-24.12060E-03
+4.43800E-03,-36.43216E-03,-16.08040E-03
+4.43900E-03,-26.38191E-03,-16.08040E-03
+4.44000E-03,-20.10050E-03,-14.57286E-03
+4.44100E-03,-20.10050E-03,-16.08040E-03
+4.44200E-03,-20.10050E-03,-9.04523E-03
+4.44300E-03,-20.10050E-03,-10.55276E-03
+4.44400E-03,-22.61307E-03,-16.08040E-03
+4.44500E-03,-20.10050E-03,-8.04020E-03
+4.44600E-03,-60.30151E-03,-14.57286E-03
+4.44700E-03,-40.20100E-03,-8.04020E-03
+4.44800E-03,-56.53266E-03,-6.53266E-03
+4.44900E-03,-52.76382E-03,+2.51256E-03
+4.45000E-03,-40.20100E-03,+0.0E+00
+4.45100E-03,-32.66332E-03,-8.04020E-03
+4.45200E-03,-42.71357E-03,-8.04020E-03
+4.45300E-03,-20.10050E-03,-2.51256E-03
+4.45400E-03,-40.20100E-03,+9.04523E-03
+4.45500E-03,-32.66332E-03,+2.51256E-03
+4.45600E-03,-40.20100E-03,+8.04020E-03
+4.45700E-03,-40.20100E-03,+2.51256E-03
+4.45800E-03,-56.53266E-03,+16.08040E-03
+4.45900E-03,-40.20100E-03,+2.51256E-03
+4.46000E-03,-72.86432E-03,+8.04020E-03
+4.46100E-03,-40.20100E-03,+8.04020E-03
+4.46200E-03,-40.20100E-03,+1.00503E-03
+4.46300E-03,-46.48241E-03,+16.08040E-03
+4.46400E-03,-40.20100E-03,+10.55276E-03
+4.46500E-03,-46.48241E-03,+0.0E+00
+4.46600E-03,-56.53266E-03,+16.08040E-03
+4.46700E-03,-40.20100E-03,+0.0E+00
+4.46800E-03,-22.61307E-03,+6.53266E-03
+4.46900E-03,-46.48241E-03,+8.04020E-03
+4.47000E-03,-42.71357E-03,+9.04523E-03
+4.47100E-03,-66.58291E-03,+16.08040E-03
+4.47200E-03,-60.30151E-03,+16.08040E-03
+4.47300E-03,-40.20100E-03,+13.06533E-03
+4.47400E-03,-40.20100E-03,+9.04523E-03
+4.47500E-03,-32.66332E-03,+13.06533E-03
+4.47600E-03,-60.30151E-03,+14.57286E-03
+4.47700E-03,-52.76382E-03,+8.04020E-03
+4.47800E-03,-36.43216E-03,+16.08040E-03
+4.47900E-03,-26.38191E-03,+13.06533E-03
+4.48000E-03,-40.20100E-03,+8.04020E-03
+4.48100E-03,-60.30151E-03,+18.59296E-03
+4.48200E-03,-40.20100E-03,+16.08040E-03
+4.48300E-03,-40.20100E-03,+18.59296E-03
+4.48400E-03,-42.71357E-03,+0.0E+00
+4.48500E-03,-40.20100E-03,+16.08040E-03
+4.48600E-03,-56.53266E-03,+17.08543E-03
+4.48700E-03,-40.20100E-03,+16.08040E-03
+4.48800E-03,-36.43216E-03,+16.08040E-03
+4.48900E-03,-32.66332E-03,+24.12060E-03
+4.49000E-03,-20.10050E-03,+24.12060E-03
+4.49100E-03,-46.48241E-03,+13.06533E-03
+4.49200E-03,-60.30151E-03,+14.57286E-03
+4.49300E-03,-40.20100E-03,+24.12060E-03
+4.49400E-03,-36.43216E-03,+9.04523E-03
+4.49500E-03,-40.20100E-03,+10.55276E-03
+4.49600E-03,-40.20100E-03,+16.08040E-03
+4.49700E-03,-52.76382E-03,+8.04020E-03
+4.49800E-03,-40.20100E-03,+16.08040E-03
+4.49900E-03,-60.30151E-03,-2.51256E-03
+4.50000E-03,-40.20100E-03,+0.0E+00
+4.50100E-03,-40.20100E-03,+13.06533E-03
+4.50200E-03,-56.53266E-03,+6.53266E-03
+4.50300E-03,-40.20100E-03,+0.0E+00
+4.50400E-03,-60.30151E-03,+5.02513E-03
+4.50500E-03,-40.20100E-03,+5.02513E-03
+4.50600E-03,-42.71357E-03,+14.57286E-03
+4.50700E-03,-60.30151E-03,+8.04020E-03
+4.50800E-03,-40.20100E-03,-14.57286E-03
+4.50900E-03,-52.76382E-03,+0.0E+00
+4.51000E-03,-22.61307E-03,+8.04020E-03
+4.51100E-03,-40.20100E-03,+5.02513E-03
+4.51200E-03,-40.20100E-03,+6.53266E-03
+4.51300E-03,-40.20100E-03,+10.55276E-03
+4.51400E-03,-40.20100E-03,+6.53266E-03
+4.51500E-03,-46.48241E-03,+5.02513E-03
+4.51600E-03,-40.20100E-03,+0.0E+00
+4.51700E-03,-40.20100E-03,+10.55276E-03
+4.51800E-03,-56.53266E-03,+0.0E+00
+4.51900E-03,-40.20100E-03,-21.10553E-03
+4.52000E-03,-40.20100E-03,-9.04523E-03
+4.52100E-03,-40.20100E-03,+0.0E+00
+4.52200E-03,-40.20100E-03,+8.04020E-03
+4.52300E-03,-40.20100E-03,-13.06533E-03
+4.52400E-03,-36.43216E-03,-8.04020E-03
+4.52500E-03,-32.66332E-03,-2.51256E-03
+4.52600E-03,-20.10050E-03,-6.53266E-03
+4.52700E-03,-26.38191E-03,-5.02513E-03
+4.52800E-03,-36.43216E-03,-8.04020E-03
+4.52900E-03,-52.76382E-03,+2.51256E-03
+4.53000E-03,-42.71357E-03,-1.00503E-03
+4.53100E-03,-40.20100E-03,-13.06533E-03
+4.53200E-03,-60.30151E-03,-8.04020E-03
+4.53300E-03,-52.76382E-03,-18.59296E-03
+4.53400E-03,-36.43216E-03,-8.04020E-03
+4.53500E-03,-40.20100E-03,-2.51256E-03
+4.53600E-03,-40.20100E-03,-16.08040E-03
+4.53700E-03,-40.20100E-03,-13.06533E-03
+4.53800E-03,-40.20100E-03,-16.08040E-03
+4.53900E-03,-40.20100E-03,-16.08040E-03
+4.54000E-03,-60.30151E-03,-14.57286E-03
+4.54100E-03,-52.76382E-03,-10.55276E-03
+4.54200E-03,-36.43216E-03,-17.08543E-03
+4.54300E-03,-40.20100E-03,-16.08040E-03
+4.54400E-03,-40.20100E-03,-8.04020E-03
+4.54500E-03,-60.30151E-03,-16.08040E-03
+4.54600E-03,-56.53266E-03,-24.12060E-03
+4.54700E-03,-52.76382E-03,-21.10553E-03
+4.54800E-03,-40.20100E-03,-6.53266E-03
+4.54900E-03,-32.66332E-03,-2.51256E-03
+4.55000E-03,-42.71357E-03,-17.08543E-03
+4.55100E-03,-32.66332E-03,-8.04020E-03
+4.55200E-03,-20.10050E-03,+0.0E+00
+4.55300E-03,-32.66332E-03,-13.06533E-03
+4.55400E-03,-22.61307E-03,-8.04020E-03
+4.55500E-03,-26.38191E-03,-16.08040E-03
+4.55600E-03,-36.43216E-03,-21.10553E-03
+4.55700E-03,-52.76382E-03,-21.10553E-03
+4.55800E-03,-42.71357E-03,-25.12563E-03
+4.55900E-03,-40.20100E-03,-5.02513E-03
+4.56000E-03,-42.71357E-03,-16.08040E-03
+4.56100E-03,-40.20100E-03,-21.10553E-03
+4.56200E-03,-40.20100E-03,-24.12060E-03
+4.56300E-03,-26.38191E-03,-29.14573E-03
+4.56400E-03,-42.71357E-03,-9.04523E-03
+4.56500E-03,-40.20100E-03,-16.08040E-03
+4.56600E-03,-6.28141E-03,-16.08040E-03
+4.56700E-03,-20.10050E-03,-21.10553E-03
+4.56800E-03,-40.20100E-03,-14.57286E-03
+4.56900E-03,-40.20100E-03,-24.12060E-03
+4.57000E-03,-36.43216E-03,-24.12060E-03
+4.57100E-03,-26.38191E-03,-21.10553E-03
+4.57200E-03,-22.61307E-03,-9.04523E-03
+4.57300E-03,-26.38191E-03,-18.59296E-03
+4.57400E-03,-22.61307E-03,-9.04523E-03
+4.57500E-03,-26.38191E-03,-10.55276E-03
+4.57600E-03,-40.20100E-03,-22.61307E-03
+4.57700E-03,-26.38191E-03,-21.10553E-03
+4.57800E-03,-36.43216E-03,-9.04523E-03
+4.57900E-03,-46.48241E-03,-18.59296E-03
+4.58000E-03,-22.61307E-03,-9.04523E-03
+4.58100E-03,-32.66332E-03,+0.0E+00
+4.58200E-03,-32.66332E-03,-14.57286E-03
+4.58300E-03,-46.48241E-03,-2.51256E-03
+4.58400E-03,-22.61307E-03,-1.00503E-03
+4.58500E-03,-26.38191E-03,-10.55276E-03
+4.58600E-03,-42.71357E-03,-16.08040E-03
+4.58700E-03,-40.20100E-03,-13.06533E-03
+4.58800E-03,-36.43216E-03,-8.04020E-03
+4.58900E-03,-40.20100E-03,+0.0E+00
+4.59000E-03,-56.53266E-03,+0.0E+00
+4.59100E-03,-40.20100E-03,-8.04020E-03
+4.59200E-03,-56.53266E-03,+0.0E+00
+4.59300E-03,-40.20100E-03,-5.02513E-03
+4.59400E-03,-40.20100E-03,+0.0E+00
+4.59500E-03,-52.76382E-03,+0.0E+00
+4.59600E-03,-40.20100E-03,+0.0E+00
+4.59700E-03,-52.76382E-03,-5.02513E-03
+4.59800E-03,-56.53266E-03,+8.04020E-03
+4.59900E-03,-60.30151E-03,-8.04020E-03
+4.60000E-03,-40.20100E-03,-8.04020E-03
+4.60100E-03,-46.48241E-03,+5.02513E-03
+4.60200E-03,-26.38191E-03,+8.04020E-03
+4.60300E-03,-46.48241E-03,+5.02513E-03
+4.60400E-03,-56.53266E-03,+1.00503E-03
+4.60500E-03,-52.76382E-03,+0.0E+00
+4.60600E-03,-56.53266E-03,+0.0E+00
+4.60700E-03,-66.58291E-03,+2.51256E-03
+4.60800E-03,-40.20100E-03,+14.57286E-03
+4.60900E-03,-52.76382E-03,+0.0E+00
+4.61000E-03,-40.20100E-03,+0.0E+00
+4.61100E-03,-52.76382E-03,+8.04020E-03
+4.61200E-03,-36.43216E-03,+16.08040E-03
+4.61300E-03,-46.48241E-03,+16.08040E-03
+4.61400E-03,-40.20100E-03,+1.00503E-03
+4.61500E-03,-40.20100E-03,+2.51256E-03
+4.61600E-03,-22.61307E-03,+14.57286E-03
+4.61700E-03,-52.76382E-03,+2.51256E-03
+4.61800E-03,-22.61307E-03,-1.00503E-03
+4.61900E-03,-40.20100E-03,+16.08040E-03
+4.62000E-03,-40.20100E-03,+24.12060E-03
+4.62100E-03,-46.48241E-03,+8.04020E-03
+4.62200E-03,-42.71357E-03,+0.0E+00
+4.62300E-03,-32.66332E-03,+5.02513E-03
+4.62400E-03,-56.53266E-03,+0.0E+00
+4.62500E-03,-32.66332E-03,+0.0E+00
+4.62600E-03,-40.20100E-03,+1.00503E-03
+4.62700E-03,-52.76382E-03,+8.04020E-03
+4.62800E-03,-56.53266E-03,+0.0E+00
+4.62900E-03,-40.20100E-03,+2.51256E-03
+4.63000E-03,-56.53266E-03,+0.0E+00
+4.63100E-03,-32.66332E-03,-8.04020E-03
+4.63200E-03,-40.20100E-03,+0.0E+00
+4.63300E-03,-60.30151E-03,-5.02513E-03
+4.63400E-03,-60.30151E-03,-8.04020E-03
+4.63500E-03,-46.48241E-03,+13.06533E-03
+4.63600E-03,-20.10050E-03,+8.04020E-03
+4.63700E-03,-40.20100E-03,+0.0E+00
+4.63800E-03,-42.71357E-03,-1.00503E-03
+4.63900E-03,-40.20100E-03,-5.02513E-03
+4.64000E-03,-60.30151E-03,-6.53266E-03
+4.64100E-03,-40.20100E-03,-5.02513E-03
+4.64200E-03,-60.30151E-03,-1.00503E-03
+4.64300E-03,-46.48241E-03,+0.0E+00
+4.64400E-03,-60.30151E-03,+6.53266E-03
+4.64500E-03,-40.20100E-03,+8.04020E-03
+4.64600E-03,-40.20100E-03,-6.53266E-03
+4.64700E-03,-40.20100E-03,+8.04020E-03
+4.64800E-03,-40.20100E-03,-8.04020E-03
+4.64900E-03,-52.76382E-03,+10.55276E-03
+4.65000E-03,-62.81407E-03,-8.04020E-03
+4.65100E-03,-52.76382E-03,-2.51256E-03
+4.65200E-03,-40.20100E-03,+0.0E+00
+4.65300E-03,-46.48241E-03,-2.51256E-03
+4.65400E-03,-76.63317E-03,-5.02513E-03
+4.65500E-03,-60.30151E-03,+5.02513E-03
+4.65600E-03,-40.20100E-03,+8.04020E-03
+4.65700E-03,-72.86432E-03,+2.51256E-03
+4.65800E-03,-40.20100E-03,-8.04020E-03
+4.65900E-03,-32.66332E-03,-8.04020E-03
+4.66000E-03,-56.53266E-03,-6.53266E-03
+4.66100E-03,-40.20100E-03,-18.59296E-03
+4.66200E-03,-40.20100E-03,-16.08040E-03
+4.66300E-03,-40.20100E-03,-10.55276E-03
+4.66400E-03,-40.20100E-03,-8.04020E-03
+4.66500E-03,-40.20100E-03,-5.02513E-03
+4.66600E-03,-42.71357E-03,-16.08040E-03
+4.66700E-03,-26.38191E-03,-8.04020E-03
+4.66800E-03,-20.10050E-03,-8.04020E-03
+4.66900E-03,-40.20100E-03,+0.0E+00
+4.67000E-03,-42.71357E-03,+8.04020E-03
+4.67100E-03,-52.76382E-03,+0.0E+00
+4.67200E-03,-36.43216E-03,-8.04020E-03
+4.67300E-03,-32.66332E-03,-10.55276E-03
+4.67400E-03,-36.43216E-03,-8.04020E-03
+4.67500E-03,-20.10050E-03,-5.02513E-03
+4.67600E-03,-42.71357E-03,+8.04020E-03
+4.67700E-03,-32.66332E-03,-21.10553E-03
+4.67800E-03,-40.20100E-03,-17.08543E-03
+4.67900E-03,-32.66332E-03,-16.08040E-03
+4.68000E-03,-40.20100E-03,-6.53266E-03
+4.68100E-03,-40.20100E-03,-16.08040E-03
+4.68200E-03,-36.43216E-03,-17.08543E-03
+4.68300E-03,-40.20100E-03,-13.06533E-03
+4.68400E-03,-60.30151E-03,-24.12060E-03
+4.68500E-03,-40.20100E-03,-8.04020E-03
+4.68600E-03,-40.20100E-03,-6.53266E-03
+4.68700E-03,-60.30151E-03,+8.04020E-03
+4.68800E-03,-36.43216E-03,+14.57286E-03
+4.68900E-03,-40.20100E-03,-8.04020E-03
+4.69000E-03,-42.71357E-03,-9.04523E-03
+4.69100E-03,-26.38191E-03,-29.14573E-03
+4.69200E-03,-22.61307E-03,-17.08543E-03
+4.69300E-03,-26.38191E-03,-2.51256E-03
+4.69400E-03,-56.53266E-03,-9.04523E-03
+4.69500E-03,-20.10050E-03,-8.04020E-03
+4.69600E-03,-40.20100E-03,+0.0E+00
+4.69700E-03,-20.10050E-03,-8.04020E-03
+4.69800E-03,-42.71357E-03,-8.04020E-03
+4.69900E-03,-32.66332E-03,-5.02513E-03
+4.70000E-03,-20.10050E-03,-6.53266E-03
+4.70100E-03,-40.20100E-03,-8.04020E-03
+4.70200E-03,-40.20100E-03,-22.61307E-03
+4.70300E-03,-26.38191E-03,-21.10553E-03
+4.70400E-03,-22.61307E-03,-6.53266E-03
+4.70500E-03,-40.20100E-03,+8.04020E-03
+4.70600E-03,-22.61307E-03,-8.04020E-03
+4.70700E-03,-26.38191E-03,-16.08040E-03
+4.70800E-03,-40.20100E-03,-24.12060E-03
+4.70900E-03,-20.10050E-03,-8.04020E-03
+4.71000E-03,-40.20100E-03,-1.00503E-03
+4.71100E-03,-46.48241E-03,-8.04020E-03
+4.71200E-03,-40.20100E-03,-1.00503E-03
+4.71300E-03,-32.66332E-03,-13.06533E-03
+4.71400E-03,-40.20100E-03,-24.12060E-03
+4.71500E-03,-32.66332E-03,-8.04020E-03
+4.71600E-03,-40.20100E-03,-1.00503E-03
+4.71700E-03,-52.76382E-03,+0.0E+00
+4.71800E-03,-36.43216E-03,-16.08040E-03
+4.71900E-03,-52.76382E-03,-5.02513E-03
+4.72000E-03,-40.20100E-03,+0.0E+00
+4.72100E-03,-40.20100E-03,+0.0E+00
+4.72200E-03,-40.20100E-03,-6.53266E-03
+4.72300E-03,-40.20100E-03,-2.51256E-03
+4.72400E-03,-20.10050E-03,-8.04020E-03
+4.72500E-03,-32.66332E-03,-8.04020E-03
+4.72600E-03,-40.20100E-03,+6.53266E-03
+4.72700E-03,-52.76382E-03,+0.0E+00
+4.72800E-03,-40.20100E-03,-6.53266E-03
+4.72900E-03,-20.10050E-03,+5.02513E-03
+4.73000E-03,-60.30151E-03,+16.08040E-03
+4.73100E-03,-40.20100E-03,-10.55276E-03
+4.73200E-03,-42.71357E-03,-6.53266E-03
+4.73300E-03,-40.20100E-03,+0.0E+00
+4.73400E-03,-22.61307E-03,+0.0E+00
+4.73500E-03,-26.38191E-03,+5.02513E-03
+4.73600E-03,-56.53266E-03,+14.57286E-03
+4.73700E-03,-26.38191E-03,+0.0E+00
+4.73800E-03,-40.20100E-03,-1.00503E-03
+4.73900E-03,-20.10050E-03,-8.04020E-03
+4.74000E-03,-20.10050E-03,-9.04523E-03
+4.74100E-03,-40.20100E-03,-8.04020E-03
+4.74200E-03,-56.53266E-03,-8.04020E-03
+4.74300E-03,-46.48241E-03,-8.04020E-03
+4.74400E-03,-40.20100E-03,-6.53266E-03
+4.74500E-03,-46.48241E-03,+0.0E+00
+4.74600E-03,-56.53266E-03,-6.53266E-03
+4.74700E-03,-20.10050E-03,+0.0E+00
+4.74800E-03,-40.20100E-03,-9.04523E-03
+4.74900E-03,-40.20100E-03,-18.59296E-03
+4.75000E-03,-22.61307E-03,-16.08040E-03
+4.75100E-03,-52.76382E-03,-18.59296E-03
+4.75200E-03,-40.20100E-03,-16.08040E-03
+4.75300E-03,-26.38191E-03,-8.04020E-03
+4.75400E-03,-36.43216E-03,+0.0E+00
+4.75500E-03,-40.20100E-03,-2.51256E-03
+4.75600E-03,-42.71357E-03,+0.0E+00
+4.75700E-03,-60.30151E-03,+0.0E+00
+4.75800E-03,-40.20100E-03,+0.0E+00
+4.75900E-03,-80.40201E-03,+2.51256E-03
+4.76000E-03,-42.71357E-03,-8.04020E-03
+4.76100E-03,-52.76382E-03,+0.0E+00
+4.76200E-03,-40.20100E-03,-8.04020E-03
+4.76300E-03,-40.20100E-03,-8.04020E-03
+4.76400E-03,-56.53266E-03,-6.53266E-03
+4.76500E-03,-26.38191E-03,-8.04020E-03
+4.76600E-03,-40.20100E-03,-1.00503E-03
+4.76700E-03,-46.48241E-03,+2.51256E-03
+4.76800E-03,-60.30151E-03,-1.00503E-03
+4.76900E-03,-52.76382E-03,-10.55276E-03
+4.77000E-03,-36.43216E-03,-16.08040E-03
+4.77100E-03,-46.48241E-03,-21.10553E-03
+4.77200E-03,-56.53266E-03,+0.0E+00
+4.77300E-03,-60.30151E-03,-5.02513E-03
+4.77400E-03,-42.71357E-03,-16.08040E-03
+4.77500E-03,-26.38191E-03,-10.55276E-03
+4.77600E-03,-40.20100E-03,-9.04523E-03
+4.77700E-03,-66.58291E-03,-8.04020E-03
+4.77800E-03,-60.30151E-03,-8.04020E-03
+4.77900E-03,-46.48241E-03,+5.02513E-03
+4.78000E-03,-60.30151E-03,+6.53266E-03
+4.78100E-03,-40.20100E-03,+13.06533E-03
+4.78200E-03,-20.10050E-03,+8.04020E-03
+4.78300E-03,-40.20100E-03,+2.51256E-03
+4.78400E-03,-42.71357E-03,+6.53266E-03
+4.78500E-03,-46.48241E-03,+8.04020E-03
+4.78600E-03,-60.30151E-03,+0.0E+00
+4.78700E-03,-40.20100E-03,-8.04020E-03
+4.78800E-03,-36.43216E-03,-6.53266E-03
+4.78900E-03,-46.48241E-03,+0.0E+00
+4.79000E-03,-36.43216E-03,+8.04020E-03
+4.79100E-03,-40.20100E-03,-2.51256E-03
+4.79200E-03,-40.20100E-03,-9.04523E-03
+4.79300E-03,-60.30151E-03,-10.55276E-03
+4.79400E-03,-36.43216E-03,-1.00503E-03
+4.79500E-03,-32.66332E-03,+2.51256E-03
+4.79600E-03,-60.30151E-03,-16.08040E-03
+4.79700E-03,-40.20100E-03,-16.08040E-03
+4.79800E-03,-36.43216E-03,-8.04020E-03
+4.79900E-03,-60.30151E-03,-8.04020E-03
+4.80000E-03,-52.76382E-03,-16.08040E-03
+4.80100E-03,-46.48241E-03,-8.04020E-03
+4.80200E-03,-40.20100E-03,-8.04020E-03
+4.80300E-03,-40.20100E-03,-16.08040E-03
+4.80400E-03,-22.61307E-03,-2.51256E-03
+4.80500E-03,-52.76382E-03,-5.02513E-03
+4.80600E-03,-60.30151E-03,-8.04020E-03
+4.80700E-03,-40.20100E-03,-5.02513E-03
+4.80800E-03,-40.20100E-03,+0.0E+00
+4.80900E-03,-32.66332E-03,-8.04020E-03
+4.81000E-03,-40.20100E-03,-14.57286E-03
+4.81100E-03,-26.38191E-03,-10.55276E-03
+4.81200E-03,-40.20100E-03,-22.61307E-03
+4.81300E-03,-46.48241E-03,-8.04020E-03
+4.81400E-03,-40.20100E-03,-8.04020E-03
+4.81500E-03,-32.66332E-03,-8.04020E-03
+4.81600E-03,-40.20100E-03,-8.04020E-03
+4.81700E-03,-32.66332E-03,-5.02513E-03
+4.81800E-03,-20.10050E-03,-1.00503E-03
+4.81900E-03,-26.38191E-03,-2.51256E-03
+4.82000E-03,-20.10050E-03,+6.53266E-03
+4.82100E-03,-40.20100E-03,-8.04020E-03
+4.82200E-03,-22.61307E-03,-16.08040E-03
+4.82300E-03,-26.38191E-03,+0.0E+00
+4.82400E-03,-56.53266E-03,-14.57286E-03
+4.82500E-03,-46.48241E-03,+8.04020E-03
+4.82600E-03,-22.61307E-03,+0.0E+00
+4.82700E-03,-20.10050E-03,-2.51256E-03
+4.82800E-03,-22.61307E-03,-1.00503E-03
+4.82900E-03,-46.48241E-03,-16.08040E-03
+4.83000E-03,-20.10050E-03,+0.0E+00
+4.83100E-03,-20.10050E-03,+0.0E+00
+4.83200E-03,-20.10050E-03,+0.0E+00
+4.83300E-03,-26.38191E-03,-8.04020E-03
+4.83400E-03,-20.10050E-03,-21.10553E-03
+4.83500E-03,-40.20100E-03,-10.55276E-03
+4.83600E-03,-42.71357E-03,-14.57286E-03
+4.83700E-03,-40.20100E-03,-21.10553E-03
+4.83800E-03,-20.10050E-03,+6.53266E-03
+4.83900E-03,-40.20100E-03,-8.04020E-03
+4.84000E-03,-26.38191E-03,-1.00503E-03
+4.84100E-03,-46.48241E-03,-2.51256E-03
+4.84200E-03,-36.43216E-03,-14.57286E-03
+4.84300E-03,-40.20100E-03,-10.55276E-03
+4.84400E-03,-36.43216E-03,+0.0E+00
+4.84500E-03,-20.10050E-03,+8.04020E-03
+4.84600E-03,-40.20100E-03,-8.04020E-03
+4.84700E-03,-20.10050E-03,-10.55276E-03
+4.84800E-03,-20.10050E-03,+6.53266E-03
+4.84900E-03,-26.38191E-03,-8.04020E-03
+4.85000E-03,-40.20100E-03,-8.04020E-03
+4.85100E-03,-40.20100E-03,-10.55276E-03
+4.85200E-03,-36.43216E-03,-6.53266E-03
+4.85300E-03,-26.38191E-03,+8.04020E-03
+4.85400E-03,-52.76382E-03,+0.0E+00
+4.85500E-03,-6.28141E-03,-8.04020E-03
+4.85600E-03,-16.33166E-03,+6.53266E-03
+4.85700E-03,-40.20100E-03,-13.06533E-03
+4.85800E-03,-36.43216E-03,-14.57286E-03
+4.85900E-03,-20.10050E-03,-2.51256E-03
+4.86000E-03,-40.20100E-03,+0.0E+00
+4.86100E-03,-40.20100E-03,+0.0E+00
+4.86200E-03,-40.20100E-03,-16.08040E-03
+4.86300E-03,-32.66332E-03,-5.02513E-03
+4.86400E-03,-40.20100E-03,-1.00503E-03
+4.86500E-03,-26.38191E-03,-8.04020E-03
+4.86600E-03,-56.53266E-03,-8.04020E-03
+4.86700E-03,-40.20100E-03,-13.06533E-03
+4.86800E-03,-56.53266E-03,-1.00503E-03
+4.86900E-03,-40.20100E-03,-10.55276E-03
+4.87000E-03,-40.20100E-03,-8.04020E-03
+4.87100E-03,-40.20100E-03,-8.04020E-03
+4.87200E-03,-22.61307E-03,-6.53266E-03
+4.87300E-03,-26.38191E-03,-13.06533E-03
+4.87400E-03,-36.43216E-03,-8.04020E-03
+4.87500E-03,-32.66332E-03,+2.51256E-03
+4.87600E-03,-22.61307E-03,+0.0E+00
+4.87700E-03,-32.66332E-03,-10.55276E-03
+4.87800E-03,-36.43216E-03,-8.04020E-03
+4.87900E-03,-46.48241E-03,-10.55276E-03
+4.88000E-03,-40.20100E-03,+5.02513E-03
+4.88100E-03,-52.76382E-03,-8.04020E-03
+4.88200E-03,-40.20100E-03,-1.00503E-03
+4.88300E-03,-40.20100E-03,+5.02513E-03
+4.88400E-03,-40.20100E-03,-6.53266E-03
+4.88500E-03,-60.30151E-03,-2.51256E-03
+4.88600E-03,-40.20100E-03,-16.08040E-03
+4.88700E-03,-32.66332E-03,+21.10553E-03
+4.88800E-03,-36.43216E-03,+0.0E+00
+4.88900E-03,-20.10050E-03,-8.04020E-03
+4.89000E-03,-36.43216E-03,-1.00503E-03
+4.89100E-03,-72.86432E-03,-8.04020E-03
+4.89200E-03,-42.71357E-03,-8.04020E-03
+4.89300E-03,-40.20100E-03,-8.04020E-03
+4.89400E-03,-56.53266E-03,+0.0E+00
+4.89500E-03,-46.48241E-03,-2.51256E-03
+4.89600E-03,-42.71357E-03,+0.0E+00
+4.89700E-03,-26.38191E-03,-8.04020E-03
+4.89800E-03,-40.20100E-03,-14.57286E-03
+4.89900E-03,-40.20100E-03,-16.08040E-03
+4.90000E-03,-40.20100E-03,+0.0E+00
+4.90100E-03,-32.66332E-03,-8.04020E-03
+4.90200E-03,-40.20100E-03,-1.00503E-03
+4.90300E-03,-40.20100E-03,-5.02513E-03
+4.90400E-03,-60.30151E-03,-14.57286E-03
+4.90500E-03,-60.30151E-03,-13.06533E-03
+4.90600E-03,-60.30151E-03,+8.04020E-03
+4.90700E-03,-60.30151E-03,-5.02513E-03
+4.90800E-03,-52.76382E-03,-14.57286E-03
+4.90900E-03,-40.20100E-03,-5.02513E-03
+4.91000E-03,-56.53266E-03,+0.0E+00
+4.91100E-03,-52.76382E-03,-10.55276E-03
+4.91200E-03,-22.61307E-03,-8.04020E-03
+4.91300E-03,-52.76382E-03,-5.02513E-03
+4.91400E-03,-40.20100E-03,-6.53266E-03
+4.91500E-03,-60.30151E-03,+8.04020E-03
+4.91600E-03,-40.20100E-03,-6.53266E-03
+4.91700E-03,-26.38191E-03,-8.04020E-03
+4.91800E-03,-20.10050E-03,-6.53266E-03
+4.91900E-03,-40.20100E-03,-18.59296E-03
+4.92000E-03,-40.20100E-03,-8.04020E-03
+4.92100E-03,-60.30151E-03,+0.0E+00
+4.92200E-03,-40.20100E-03,+0.0E+00
+4.92300E-03,-40.20100E-03,+5.02513E-03
+4.92400E-03,-20.10050E-03,+0.0E+00
+4.92500E-03,-40.20100E-03,+0.0E+00
+4.92600E-03,-40.20100E-03,+8.04020E-03
+4.92700E-03,-60.30151E-03,-5.02513E-03
+4.92800E-03,-40.20100E-03,-16.08040E-03
+4.92900E-03,-40.20100E-03,-5.02513E-03
+4.93000E-03,-36.43216E-03,-8.04020E-03
+4.93100E-03,-40.20100E-03,-21.10553E-03
+4.93200E-03,-40.20100E-03,-14.57286E-03
+4.93300E-03,-32.66332E-03,-10.55276E-03
+4.93400E-03,-40.20100E-03,-9.04523E-03
+4.93500E-03,-40.20100E-03,-5.02513E-03
+4.93600E-03,-60.30151E-03,-9.04523E-03
+4.93700E-03,-52.76382E-03,-13.06533E-03
+4.93800E-03,-22.61307E-03,-1.00503E-03
+4.93900E-03,-40.20100E-03,-24.12060E-03
+4.94000E-03,-40.20100E-03,-17.08543E-03
+4.94100E-03,-40.20100E-03,-10.55276E-03
+4.94200E-03,-40.20100E-03,-1.00503E-03
+4.94300E-03,-52.76382E-03,-13.06533E-03
+4.94400E-03,-42.71357E-03,+6.53266E-03
+4.94500E-03,-46.48241E-03,-16.08040E-03
+4.94600E-03,-36.43216E-03,-16.08040E-03
+4.94700E-03,-40.20100E-03,+0.0E+00
+4.94800E-03,-56.53266E-03,+8.04020E-03
+4.94900E-03,-46.48241E-03,-8.04020E-03
+4.95000E-03,-20.10050E-03,-9.04523E-03
+4.95100E-03,-26.38191E-03,+0.0E+00
+4.95200E-03,-40.20100E-03,-8.04020E-03
+4.95300E-03,-12.56281E-03,-16.08040E-03
+4.95400E-03,-36.43216E-03,-14.57286E-03
+4.95500E-03,-32.66332E-03,-13.06533E-03
+4.95600E-03,-40.20100E-03,-1.00503E-03
+4.95700E-03,-40.20100E-03,-10.55276E-03
+4.95800E-03,-40.20100E-03,+0.0E+00
+4.95900E-03,-40.20100E-03,-18.59296E-03
+4.96000E-03,-36.43216E-03,-8.04020E-03
+4.96100E-03,-40.20100E-03,-2.51256E-03
+4.96200E-03,-40.20100E-03,-8.04020E-03
+4.96300E-03,-20.10050E-03,+2.51256E-03
+4.96400E-03,-52.76382E-03,-8.04020E-03
+4.96500E-03,-32.66332E-03,+0.0E+00
+4.96600E-03,-20.10050E-03,+6.53266E-03
+4.96700E-03,-40.20100E-03,-16.08040E-03
+4.96800E-03,-36.43216E-03,-16.08040E-03
+4.96900E-03,-32.66332E-03,-8.04020E-03
+4.97000E-03,-56.53266E-03,-8.04020E-03
+4.97100E-03,-32.66332E-03,-16.08040E-03
+4.97200E-03,-40.20100E-03,-8.04020E-03
+4.97300E-03,-40.20100E-03,-13.06533E-03
+4.97400E-03,-22.61307E-03,-17.08543E-03
+4.97500E-03,-32.66332E-03,-8.04020E-03
+4.97600E-03,-22.61307E-03,+1.00503E-03
+4.97700E-03,-6.28141E-03,+0.0E+00
+4.97800E-03,-26.38191E-03,+8.04020E-03
+4.97900E-03,-32.66332E-03,+13.06533E-03
+4.98000E-03,-22.61307E-03,+8.04020E-03
+4.98100E-03,-20.10050E-03,-5.02513E-03
+4.98200E-03,-36.43216E-03,+0.0E+00
+4.98300E-03,-40.20100E-03,-5.02513E-03
+4.98400E-03,-56.53266E-03,-22.61307E-03
+4.98500E-03,-26.38191E-03,-13.06533E-03
+4.98600E-03,-22.61307E-03,-1.00503E-03
+4.98700E-03,-40.20100E-03,+0.0E+00
+4.98800E-03,-40.20100E-03,-14.57286E-03
+4.98900E-03,-40.20100E-03,-13.06533E-03
+4.99000E-03,-40.20100E-03,-9.04523E-03
+4.99100E-03,-52.76382E-03,-5.02513E-03
+4.99200E-03,-42.71357E-03,+1.00503E-03
+4.99300E-03,-46.48241E-03,+0.0E+00
+4.99400E-03,-40.20100E-03,-8.04020E-03
+4.99500E-03,-40.20100E-03,+0.0E+00
+4.99600E-03,-36.43216E-03,-6.53266E-03
+4.99700E-03,-32.66332E-03,+0.0E+00
+4.99800E-03,-20.10050E-03,+0.0E+00
+4.99900E-03,-20.10050E-03,-16.08040E-03
+5.00000E-03,-20.10050E-03,-16.08040E-03
+5.00100E-03,-52.76382E-03,-13.06533E-03
+5.00200E-03,-26.38191E-03,+6.53266E-03
+5.00300E-03,-32.66332E-03,+0.0E+00
+5.00400E-03,-20.10050E-03,-8.04020E-03
+5.00500E-03,-26.38191E-03,+0.0E+00
+5.00600E-03,-40.20100E-03,-1.00503E-03
+5.00700E-03,-52.76382E-03,+8.04020E-03
+5.00800E-03,-56.53266E-03,+8.04020E-03
+5.00900E-03,-32.66332E-03,-13.06533E-03
+5.01000E-03,-20.10050E-03,-1.00503E-03
+5.01100E-03,-26.38191E-03,-16.08040E-03
+5.01200E-03,-40.20100E-03,-8.04020E-03
+5.01300E-03,-40.20100E-03,-8.04020E-03
+5.01400E-03,-56.53266E-03,-8.04020E-03
+5.01500E-03,-40.20100E-03,-8.04020E-03
+5.01600E-03,-40.20100E-03,-16.08040E-03
+5.01700E-03,-46.48241E-03,+0.0E+00
+5.01800E-03,-40.20100E-03,-6.53266E-03
+5.01900E-03,-52.76382E-03,+0.0E+00
+5.02000E-03,-22.61307E-03,-9.04523E-03
+5.02100E-03,-32.66332E-03,-8.04020E-03
+5.02200E-03,-20.10050E-03,-1.00503E-03
+5.02300E-03,-40.20100E-03,-8.04020E-03
+5.02400E-03,-42.71357E-03,-8.04020E-03
+5.02500E-03,-52.76382E-03,-8.04020E-03
+5.02600E-03,-40.20100E-03,-6.53266E-03
+5.02700E-03,-40.20100E-03,+8.04020E-03
+5.02800E-03,-40.20100E-03,+9.04523E-03
+5.02900E-03,-40.20100E-03,-5.02513E-03
+5.03000E-03,-40.20100E-03,-8.04020E-03
+5.03100E-03,-32.66332E-03,-8.04020E-03
+5.03200E-03,-60.30151E-03,-1.00503E-03
+5.03300E-03,-40.20100E-03,+0.0E+00
+5.03400E-03,-42.71357E-03,-8.04020E-03
+5.03500E-03,-40.20100E-03,-8.04020E-03
+5.03600E-03,-40.20100E-03,-14.57286E-03
+5.03700E-03,-40.20100E-03,-13.06533E-03
+5.03800E-03,-40.20100E-03,-1.00503E-03
+5.03900E-03,-40.20100E-03,+0.0E+00
+5.04000E-03,-42.71357E-03,-9.04523E-03
+5.04100E-03,-52.76382E-03,-8.04020E-03
+5.04200E-03,-40.20100E-03,+0.0E+00
+5.04300E-03,-52.76382E-03,-5.02513E-03
+5.04400E-03,-60.30151E-03,+0.0E+00
+5.04500E-03,-40.20100E-03,-8.04020E-03
+5.04600E-03,-40.20100E-03,+0.0E+00
+5.04700E-03,-20.10050E-03,+0.0E+00
+5.04800E-03,-56.53266E-03,-8.04020E-03
+5.04900E-03,-46.48241E-03,+0.0E+00
+5.05000E-03,-22.61307E-03,-9.04523E-03
+5.05100E-03,-40.20100E-03,-5.02513E-03
+5.05200E-03,-40.20100E-03,-8.04020E-03
+5.05300E-03,-52.76382E-03,-13.06533E-03
+5.05400E-03,-40.20100E-03,-8.04020E-03
+5.05500E-03,-46.48241E-03,-2.51256E-03
+5.05600E-03,-60.30151E-03,-8.04020E-03
+5.05700E-03,-26.38191E-03,-13.06533E-03
+5.05800E-03,-22.61307E-03,-9.04523E-03
+5.05900E-03,-46.48241E-03,-8.04020E-03
+5.06000E-03,-40.20100E-03,-1.00503E-03
+5.06100E-03,-60.30151E-03,+0.0E+00
+5.06200E-03,-40.20100E-03,+0.0E+00
+5.06300E-03,-52.76382E-03,+0.0E+00
+5.06400E-03,-56.53266E-03,-1.00503E-03
+5.06500E-03,-40.20100E-03,+5.02513E-03
+5.06600E-03,-40.20100E-03,+0.0E+00
+5.06700E-03,-40.20100E-03,-8.04020E-03
+5.06800E-03,-40.20100E-03,-16.08040E-03
+5.06900E-03,-40.20100E-03,-10.55276E-03
+5.07000E-03,-40.20100E-03,-9.04523E-03
+5.07100E-03,-40.20100E-03,-8.04020E-03
+5.07200E-03,-22.61307E-03,-8.04020E-03
+5.07300E-03,-26.38191E-03,-16.08040E-03
+5.07400E-03,-36.43216E-03,-8.04020E-03
+5.07500E-03,-40.20100E-03,-5.02513E-03
+5.07600E-03,-42.71357E-03,+0.0E+00
+5.07700E-03,-46.48241E-03,-8.04020E-03
+5.07800E-03,-22.61307E-03,+0.0E+00
+5.07900E-03,-40.20100E-03,-16.08040E-03
+5.08000E-03,-40.20100E-03,-8.04020E-03
+5.08100E-03,-46.48241E-03,-2.51256E-03
+5.08200E-03,-20.10050E-03,-8.04020E-03
+5.08300E-03,-32.66332E-03,-2.51256E-03
+5.08400E-03,-20.10050E-03,-8.04020E-03
+5.08500E-03,-26.38191E-03,-16.08040E-03
+5.08600E-03,-22.61307E-03,-16.08040E-03
+5.08700E-03,-40.20100E-03,-21.10553E-03
+5.08800E-03,-40.20100E-03,-10.55276E-03
+5.08900E-03,-52.76382E-03,-10.55276E-03
+5.09000E-03,-36.43216E-03,-8.04020E-03
+5.09100E-03,-26.38191E-03,-16.08040E-03
+5.09200E-03,-40.20100E-03,-8.04020E-03
+5.09300E-03,-40.20100E-03,+5.02513E-03
+5.09400E-03,-42.71357E-03,+0.0E+00
+5.09500E-03,-32.66332E-03,-8.04020E-03
+5.09600E-03,-20.10050E-03,-14.57286E-03
+5.09700E-03,-40.20100E-03,+0.0E+00
+5.09800E-03,-40.20100E-03,-21.10553E-03
+5.09900E-03,-40.20100E-03,-10.55276E-03
+5.10000E-03,-40.20100E-03,-16.08040E-03
+5.10100E-03,-32.66332E-03,-8.04020E-03
+5.10200E-03,-52.76382E-03,-6.53266E-03
+5.10300E-03,-40.20100E-03,-16.08040E-03
+5.10400E-03,-56.53266E-03,-8.04020E-03
+5.10500E-03,-40.20100E-03,-16.08040E-03
+5.10600E-03,-22.61307E-03,-1.00503E-03
+5.10700E-03,-20.10050E-03,+0.0E+00
+5.10800E-03,-56.53266E-03,+0.0E+00
+5.10900E-03,-46.48241E-03,-13.06533E-03
+5.11000E-03,-26.38191E-03,-1.00503E-03
+5.11100E-03,-46.48241E-03,-8.04020E-03
+5.11200E-03,-56.53266E-03,-14.57286E-03
+5.11300E-03,-46.48241E-03,-16.08040E-03
+5.11400E-03,-22.61307E-03,-9.04523E-03
+5.11500E-03,-26.38191E-03,-2.51256E-03
+5.11600E-03,-56.53266E-03,+0.0E+00
+5.11700E-03,-40.20100E-03,-16.08040E-03
+5.11800E-03,-60.30151E-03,-17.08543E-03
+5.11900E-03,-40.20100E-03,-8.04020E-03
+5.12000E-03,-22.61307E-03,-14.57286E-03
+5.12100E-03,-40.20100E-03,-5.02513E-03
+5.12200E-03,-42.71357E-03,+0.0E+00
+5.12300E-03,-52.76382E-03,-5.02513E-03
+5.12400E-03,-56.53266E-03,+0.0E+00
+5.12500E-03,-46.48241E-03,-2.51256E-03
+5.12600E-03,-42.71357E-03,-9.04523E-03
+5.12700E-03,-40.20100E-03,-13.06533E-03
+5.12800E-03,-60.30151E-03,+8.04020E-03
+5.12900E-03,-32.66332E-03,+0.0E+00
+5.13000E-03,-40.20100E-03,-6.53266E-03
+5.13100E-03,-32.66332E-03,+2.51256E-03
+5.13200E-03,-60.30151E-03,-6.53266E-03
+5.13300E-03,-52.76382E-03,-8.04020E-03
+5.13400E-03,-56.53266E-03,-6.53266E-03
+5.13500E-03,-26.38191E-03,+2.51256E-03
+5.13600E-03,-42.71357E-03,-1.00503E-03
+5.13700E-03,-40.20100E-03,-2.51256E-03
+5.13800E-03,-36.43216E-03,-8.04020E-03
+5.13900E-03,-46.48241E-03,+8.04020E-03
+5.14000E-03,-42.71357E-03,+1.00503E-03
+5.14100E-03,-60.30151E-03,+0.0E+00
+5.14200E-03,-22.61307E-03,+0.0E+00
+5.14300E-03,-40.20100E-03,-8.04020E-03
+5.14400E-03,-22.61307E-03,-1.00503E-03
+5.14500E-03,-32.66332E-03,-10.55276E-03
+5.14600E-03,-40.20100E-03,-14.57286E-03
+5.14700E-03,-40.20100E-03,+0.0E+00
+5.14800E-03,-40.20100E-03,-1.00503E-03
+5.14900E-03,-52.76382E-03,-5.02513E-03
+5.15000E-03,-60.30151E-03,+1.00503E-03
+5.15100E-03,-60.30151E-03,-16.08040E-03
+5.15200E-03,-42.71357E-03,-9.04523E-03
+5.15300E-03,-32.66332E-03,+0.0E+00
+5.15400E-03,-40.20100E-03,+0.0E+00
+5.15500E-03,-40.20100E-03,-8.04020E-03
+5.15600E-03,-22.61307E-03,-8.04020E-03
+5.15700E-03,-46.48241E-03,-13.06533E-03
+5.15800E-03,-40.20100E-03,-17.08543E-03
+5.15900E-03,-26.38191E-03,-5.02513E-03
+5.16000E-03,-40.20100E-03,-16.08040E-03
+5.16100E-03,-40.20100E-03,-13.06533E-03
+5.16200E-03,-40.20100E-03,-8.04020E-03
+5.16300E-03,-40.20100E-03,-5.02513E-03
+5.16400E-03,-42.71357E-03,-8.04020E-03
+5.16500E-03,-52.76382E-03,-10.55276E-03
+5.16600E-03,-42.71357E-03,-1.00503E-03
+5.16700E-03,-40.20100E-03,-5.02513E-03
+5.16800E-03,-40.20100E-03,-16.08040E-03
+5.16900E-03,-60.30151E-03,-2.51256E-03
+5.17000E-03,-40.20100E-03,-1.00503E-03
+5.17100E-03,-32.66332E-03,+0.0E+00
+5.17200E-03,-60.30151E-03,-16.08040E-03
+5.17300E-03,-46.48241E-03,-8.04020E-03
+5.17400E-03,-40.20100E-03,-16.08040E-03
+5.17500E-03,-46.48241E-03,-2.51256E-03
+5.17600E-03,-42.71357E-03,-8.04020E-03
+5.17700E-03,-26.38191E-03,-13.06533E-03
+5.17800E-03,-40.20100E-03,-9.04523E-03
+5.17900E-03,-26.38191E-03,+0.0E+00
+5.18000E-03,-40.20100E-03,+6.53266E-03
+5.18100E-03,-52.76382E-03,-2.51256E-03
+5.18200E-03,-22.61307E-03,-8.04020E-03
+5.18300E-03,-40.20100E-03,-2.51256E-03
+5.18400E-03,-40.20100E-03,-8.04020E-03
+5.18500E-03,-40.20100E-03,-13.06533E-03
+5.18600E-03,-42.71357E-03,-8.04020E-03
+5.18700E-03,-60.30151E-03,-16.08040E-03
+5.18800E-03,-22.61307E-03,-9.04523E-03
+5.18900E-03,-52.76382E-03,-16.08040E-03
+5.19000E-03,-40.20100E-03,-2.51256E-03
+5.19100E-03,-46.48241E-03,-2.51256E-03
+5.19200E-03,-60.30151E-03,-16.08040E-03
+5.19300E-03,-40.20100E-03,-8.04020E-03
+5.19400E-03,-40.20100E-03,-14.57286E-03
+5.19500E-03,-40.20100E-03,-16.08040E-03
+5.19600E-03,-40.20100E-03,-16.08040E-03
+5.19700E-03,-26.38191E-03,-16.08040E-03
+5.19800E-03,-42.71357E-03,-8.04020E-03
+5.19900E-03,-60.30151E-03,-16.08040E-03
+5.20000E-03,-60.30151E-03,-8.04020E-03
+5.20100E-03,-52.76382E-03,-8.04020E-03
+5.20200E-03,-36.43216E-03,+1.00503E-03
+5.20300E-03,-32.66332E-03,-2.51256E-03
+5.20400E-03,-40.20100E-03,-16.08040E-03
+5.20500E-03,-26.38191E-03,-16.08040E-03
+5.20600E-03,-42.71357E-03,-9.04523E-03
+5.20700E-03,-26.38191E-03,+0.0E+00
+5.20800E-03,-40.20100E-03,-9.04523E-03
+5.20900E-03,-60.30151E-03,-2.51256E-03
+5.21000E-03,-56.53266E-03,-6.53266E-03
+5.21100E-03,-52.76382E-03,+0.0E+00
+5.21200E-03,-40.20100E-03,+0.0E+00
+5.21300E-03,-40.20100E-03,-8.04020E-03
+5.21400E-03,-40.20100E-03,-16.08040E-03
+5.21500E-03,-26.38191E-03,-8.04020E-03
+5.21600E-03,-60.30151E-03,-1.00503E-03
+5.21700E-03,-40.20100E-03,-2.51256E-03
+5.21800E-03,-36.43216E-03,-8.04020E-03
+5.21900E-03,-60.30151E-03,-21.10553E-03
+5.22000E-03,-60.30151E-03,-1.00503E-03
+5.22100E-03,-72.86432E-03,+8.04020E-03
+5.22200E-03,-22.61307E-03,+0.0E+00
+5.22300E-03,-20.10050E-03,+13.06533E-03
+5.22400E-03,-32.66332E-03,+0.0E+00
+5.22500E-03,-40.20100E-03,-8.04020E-03
+5.22600E-03,-36.43216E-03,-1.00503E-03
+5.22700E-03,-26.38191E-03,+8.04020E-03
+5.22800E-03,-20.10050E-03,-9.04523E-03
+5.22900E-03,-32.66332E-03,-16.08040E-03
+5.23000E-03,-40.20100E-03,-9.04523E-03
+5.23100E-03,-60.30151E-03,-2.51256E-03
+5.23200E-03,-42.71357E-03,-8.04020E-03
+5.23300E-03,-40.20100E-03,-2.51256E-03
+5.23400E-03,-40.20100E-03,-16.08040E-03
+5.23500E-03,-26.38191E-03,-10.55276E-03
+5.23600E-03,-20.10050E-03,-8.04020E-03
+5.23700E-03,-40.20100E-03,-10.55276E-03
+5.23800E-03,-22.61307E-03,+0.0E+00
+5.23900E-03,-32.66332E-03,-2.51256E-03
+5.24000E-03,-40.20100E-03,+0.0E+00
+5.24100E-03,-46.48241E-03,-8.04020E-03
+5.24200E-03,-40.20100E-03,+0.0E+00
+5.24300E-03,-40.20100E-03,+8.04020E-03
+5.24400E-03,-40.20100E-03,+5.02513E-03
+5.24500E-03,-60.30151E-03,+2.51256E-03
+5.24600E-03,-56.53266E-03,-8.04020E-03
+5.24700E-03,-52.76382E-03,-8.04020E-03
+5.24800E-03,-40.20100E-03,-8.04020E-03
+5.24900E-03,-46.48241E-03,+5.02513E-03
+5.25000E-03,-42.71357E-03,-8.04020E-03
+5.25100E-03,-52.76382E-03,+16.08040E-03
+5.25200E-03,-60.30151E-03,+8.04020E-03
+5.25300E-03,-40.20100E-03,+0.0E+00
+5.25400E-03,-56.53266E-03,-6.53266E-03
+5.25500E-03,-32.66332E-03,-8.04020E-03
+5.25600E-03,-40.20100E-03,+0.0E+00
+5.25700E-03,-46.48241E-03,-10.55276E-03
+5.25800E-03,-36.43216E-03,+1.00503E-03
+5.25900E-03,-40.20100E-03,+2.51256E-03
+5.26000E-03,-42.71357E-03,-8.04020E-03
+5.26100E-03,-40.20100E-03,-16.08040E-03
+5.26200E-03,-20.10050E-03,-24.12060E-03
+5.26300E-03,-46.48241E-03,-8.04020E-03
+5.26400E-03,-42.71357E-03,-8.04020E-03
+5.26500E-03,-52.76382E-03,+5.02513E-03
+5.26600E-03,-40.20100E-03,-6.53266E-03
+5.26700E-03,-52.76382E-03,+0.0E+00
+5.26800E-03,-20.10050E-03,-1.00503E-03
+5.26900E-03,-32.66332E-03,-2.51256E-03
+5.27000E-03,-40.20100E-03,-6.53266E-03
+5.27100E-03,-46.48241E-03,+0.0E+00
+5.27200E-03,-40.20100E-03,+0.0E+00
+5.27300E-03,-52.76382E-03,-5.02513E-03
+5.27400E-03,-26.38191E-03,+6.53266E-03
+5.27500E-03,-40.20100E-03,-2.51256E-03
+5.27600E-03,-20.10050E-03,-14.57286E-03
+5.27700E-03,-40.20100E-03,-8.04020E-03
+5.27800E-03,-40.20100E-03,-9.04523E-03
+5.27900E-03,-40.20100E-03,-16.08040E-03
+5.28000E-03,-40.20100E-03,-8.04020E-03
+5.28100E-03,-40.20100E-03,-13.06533E-03
+5.28200E-03,-22.61307E-03,-1.00503E-03
+5.28300E-03,-20.10050E-03,-2.51256E-03
+5.28400E-03,-20.10050E-03,-10.55276E-03
+5.28500E-03,-20.10050E-03,-10.55276E-03
+5.28600E-03,-26.38191E-03,-6.53266E-03
+5.28700E-03,-40.20100E-03,-8.04020E-03
+5.28800E-03,-42.71357E-03,-16.08040E-03
+5.28900E-03,-72.86432E-03,-8.04020E-03
+5.29000E-03,-40.20100E-03,-8.04020E-03
+5.29100E-03,-46.48241E-03,+0.0E+00
+5.29200E-03,-40.20100E-03,-9.04523E-03
+5.29300E-03,-46.48241E-03,-8.04020E-03
+5.29400E-03,-22.61307E-03,+0.0E+00
+5.29500E-03,-40.20100E-03,-5.02513E-03
+5.29600E-03,-40.20100E-03,+0.0E+00
+5.29700E-03,-52.76382E-03,+0.0E+00
+5.29800E-03,-22.61307E-03,+8.04020E-03
+5.29900E-03,-32.66332E-03,+5.02513E-03
+5.30000E-03,-36.43216E-03,-6.53266E-03
+5.30100E-03,-40.20100E-03,-13.06533E-03
+5.30200E-03,-22.61307E-03,-8.04020E-03
+5.30300E-03,-52.76382E-03,-32.16080E-03
+5.30400E-03,-36.43216E-03,-32.16080E-03
+5.30500E-03,-40.20100E-03,+0.0E+00
+5.30600E-03,-22.61307E-03,+0.0E+00
+5.30700E-03,-40.20100E-03,-16.08040E-03
+5.30800E-03,-40.20100E-03,-14.57286E-03
+5.30900E-03,-60.30151E-03,-18.59296E-03
+5.31000E-03,-56.53266E-03,-9.04523E-03
+5.31100E-03,-40.20100E-03,-5.02513E-03
+5.31200E-03,-40.20100E-03,-8.04020E-03
+5.31300E-03,-66.58291E-03,+0.0E+00
+5.31400E-03,-40.20100E-03,-16.08040E-03
+5.31500E-03,-26.38191E-03,-8.04020E-03
+5.31600E-03,-40.20100E-03,+0.0E+00
+5.31700E-03,-26.38191E-03,+0.0E+00
+5.31800E-03,-40.20100E-03,-1.00503E-03
+5.31900E-03,-26.38191E-03,+0.0E+00
+5.32000E-03,-32.66332E-03,-9.04523E-03
+5.32100E-03,-40.20100E-03,-13.06533E-03
+5.32200E-03,-6.28141E-03,-16.08040E-03
+5.32300E-03,-26.38191E-03,-18.59296E-03
+5.32400E-03,-40.20100E-03,-10.55276E-03
+5.32500E-03,-40.20100E-03,+2.51256E-03
+5.32600E-03,-40.20100E-03,+6.53266E-03
+5.32700E-03,-46.48241E-03,-16.08040E-03
+5.32800E-03,-22.61307E-03,-9.04523E-03
+5.32900E-03,-26.38191E-03,+0.0E+00
+5.33000E-03,-36.43216E-03,-8.04020E-03
+5.33100E-03,-20.10050E-03,-8.04020E-03
+5.33200E-03,-40.20100E-03,-6.53266E-03
+5.33300E-03,-40.20100E-03,-16.08040E-03
+5.33400E-03,-40.20100E-03,-8.04020E-03
+5.33500E-03,-40.20100E-03,-5.02513E-03
+5.33600E-03,-20.10050E-03,-9.04523E-03
+5.33700E-03,-40.20100E-03,-8.04020E-03
+5.33800E-03,-22.61307E-03,-9.04523E-03
+5.33900E-03,-40.20100E-03,-16.08040E-03
+5.34000E-03,-40.20100E-03,-8.04020E-03
+5.34100E-03,-40.20100E-03,-10.55276E-03
+5.34200E-03,-56.53266E-03,-14.57286E-03
+5.34300E-03,-52.76382E-03,-13.06533E-03
+5.34400E-03,-36.43216E-03,-24.12060E-03
+5.34500E-03,-26.38191E-03,+5.02513E-03
+5.34600E-03,-22.61307E-03,+1.00503E-03
+5.34700E-03,-20.10050E-03,+8.04020E-03
+5.34800E-03,-36.43216E-03,+1.00503E-03
+5.34900E-03,-20.10050E-03,-2.51256E-03
+5.35000E-03,-22.61307E-03,-1.00503E-03
+5.35100E-03,-20.10050E-03,+2.51256E-03
+5.35200E-03,-20.10050E-03,-22.61307E-03
+5.35300E-03,-46.48241E-03,-32.16080E-03
+5.35400E-03,-60.30151E-03,-17.08543E-03
+5.35500E-03,-40.20100E-03,-2.51256E-03
+5.35600E-03,-60.30151E-03,+5.02513E-03
+5.35700E-03,-40.20100E-03,+8.04020E-03
+5.35800E-03,-22.61307E-03,+9.04523E-03
+5.35900E-03,-60.30151E-03,+5.02513E-03
+5.36000E-03,-20.10050E-03,-1.00503E-03
+5.36100E-03,-52.76382E-03,+0.0E+00
+5.36200E-03,-22.61307E-03,-8.04020E-03
+5.36300E-03,-40.20100E-03,+0.0E+00
+5.36400E-03,-40.20100E-03,-8.04020E-03
+5.36500E-03,-40.20100E-03,+0.0E+00
+5.36600E-03,-46.48241E-03,+0.0E+00
+5.36700E-03,-40.20100E-03,-8.04020E-03
+5.36800E-03,-22.61307E-03,-9.04523E-03
+5.36900E-03,-32.66332E-03,-8.04020E-03
+5.37000E-03,-40.20100E-03,+0.0E+00
+5.37100E-03,-26.38191E-03,-2.51256E-03
+5.37200E-03,-42.71357E-03,-8.04020E-03
+5.37300E-03,-32.66332E-03,-2.51256E-03
+5.37400E-03,-42.71357E-03,+8.04020E-03
+5.37500E-03,-40.20100E-03,+5.02513E-03
+5.37600E-03,-22.61307E-03,-8.04020E-03
+5.37700E-03,-26.38191E-03,-18.59296E-03
+5.37800E-03,-40.20100E-03,-8.04020E-03
+5.37900E-03,-52.76382E-03,-8.04020E-03
+5.38000E-03,-40.20100E-03,+0.0E+00
+5.38100E-03,-26.38191E-03,-5.02513E-03
+5.38200E-03,-40.20100E-03,+8.04020E-03
+5.38300E-03,-46.48241E-03,-8.04020E-03
+5.38400E-03,-42.71357E-03,+8.04020E-03
+5.38500E-03,-46.48241E-03,-8.04020E-03
+5.38600E-03,-42.71357E-03,+0.0E+00
+5.38700E-03,-32.66332E-03,-2.51256E-03
+5.38800E-03,-20.10050E-03,-8.04020E-03
+5.38900E-03,-20.10050E-03,+0.0E+00
+5.39000E-03,-60.30151E-03,-8.04020E-03
+5.39100E-03,-52.76382E-03,+5.02513E-03
+5.39200E-03,-42.71357E-03,-8.04020E-03
+5.39300E-03,-40.20100E-03,-8.04020E-03
+5.39400E-03,-56.53266E-03,-17.08543E-03
+5.39500E-03,-40.20100E-03,-8.04020E-03
+5.39600E-03,-36.43216E-03,-8.04020E-03
+5.39700E-03,-26.38191E-03,-5.02513E-03
+5.39800E-03,-40.20100E-03,-8.04020E-03
+5.39900E-03,-52.76382E-03,+0.0E+00
+5.40000E-03,-40.20100E-03,-8.04020E-03
+5.40100E-03,-40.20100E-03,-8.04020E-03
+5.40200E-03,-36.43216E-03,-14.57286E-03
+5.40300E-03,-6.28141E-03,-2.51256E-03
+5.40400E-03,-40.20100E-03,-16.08040E-03
+5.40500E-03,-46.48241E-03,-13.06533E-03
+5.40600E-03,-42.71357E-03,-8.04020E-03
+5.40700E-03,-32.66332E-03,-2.51256E-03
+5.40800E-03,-20.10050E-03,-8.04020E-03
+5.40900E-03,-40.20100E-03,-10.55276E-03
+5.41000E-03,-56.53266E-03,-14.57286E-03
+5.41100E-03,-52.76382E-03,-8.04020E-03
+5.41200E-03,-40.20100E-03,-8.04020E-03
+5.41300E-03,-46.48241E-03,-16.08040E-03
+5.41400E-03,-40.20100E-03,+8.04020E-03
+5.41500E-03,-32.66332E-03,+8.04020E-03
+5.41600E-03,-56.53266E-03,+0.0E+00
+5.41700E-03,-40.20100E-03,+16.08040E-03
+5.41800E-03,-56.53266E-03,+0.0E+00
+5.41900E-03,-46.48241E-03,-10.55276E-03
+5.42000E-03,-52.76382E-03,-8.04020E-03
+5.42100E-03,-52.76382E-03,+0.0E+00
+5.42200E-03,-36.43216E-03,-8.04020E-03
+5.42300E-03,-6.28141E-03,-2.51256E-03
+5.42400E-03,-52.76382E-03,-8.04020E-03
+5.42500E-03,-60.30151E-03,-5.02513E-03
+5.42600E-03,-40.20100E-03,-16.08040E-03
+5.42700E-03,-46.48241E-03,-24.12060E-03
+5.42800E-03,-22.61307E-03,-14.57286E-03
+5.42900E-03,-52.76382E-03,+0.0E+00
+5.43000E-03,-22.61307E-03,-8.04020E-03
+5.43100E-03,-20.10050E-03,-8.04020E-03
+5.43200E-03,-22.61307E-03,-8.04020E-03
+5.43300E-03,-46.48241E-03,-8.04020E-03
+5.43400E-03,-36.43216E-03,+0.0E+00
+5.43500E-03,-26.38191E-03,+8.04020E-03
+5.43600E-03,-36.43216E-03,-6.53266E-03
+5.43700E-03,-20.10050E-03,+0.0E+00
+5.43800E-03,-40.20100E-03,-8.04020E-03
+5.43900E-03,-40.20100E-03,+0.0E+00
+5.44000E-03,-60.30151E-03,+0.0E+00
+5.44100E-03,-46.48241E-03,-8.04020E-03
+5.44200E-03,-40.20100E-03,-9.04523E-03
+5.44300E-03,-32.66332E-03,-8.04020E-03
+5.44400E-03,-20.10050E-03,-14.57286E-03
+5.44500E-03,-40.20100E-03,-8.04020E-03
+5.44600E-03,-22.61307E-03,-8.04020E-03
+5.44700E-03,-40.20100E-03,-21.10553E-03
+5.44800E-03,-40.20100E-03,-16.08040E-03
+5.44900E-03,-46.48241E-03,-2.51256E-03
+5.45000E-03,-60.30151E-03,-6.53266E-03
+5.45100E-03,-40.20100E-03,-10.55276E-03
+5.45200E-03,-20.10050E-03,-14.57286E-03
+5.45300E-03,-52.76382E-03,+0.0E+00
+5.45400E-03,-42.71357E-03,+8.04020E-03
+5.45500E-03,-52.76382E-03,+8.04020E-03
+5.45600E-03,-56.53266E-03,-6.53266E-03
+5.45700E-03,-40.20100E-03,-5.02513E-03
+5.45800E-03,-42.71357E-03,+0.0E+00
+5.45900E-03,-40.20100E-03,+0.0E+00
+5.46000E-03,-22.61307E-03,-9.04523E-03
+5.46100E-03,-32.66332E-03,-5.02513E-03
+5.46200E-03,-40.20100E-03,+0.0E+00
+5.46300E-03,-46.48241E-03,-16.08040E-03
+5.46400E-03,-42.71357E-03,-18.59296E-03
+5.46500E-03,-40.20100E-03,-10.55276E-03
+5.46600E-03,-22.61307E-03,-24.12060E-03
+5.46700E-03,-52.76382E-03,-21.10553E-03
+5.46800E-03,-56.53266E-03,-16.08040E-03
+5.46900E-03,-46.48241E-03,-16.08040E-03
+5.47000E-03,-20.10050E-03,-21.10553E-03
+5.47100E-03,-52.76382E-03,-13.06533E-03
+5.47200E-03,-36.43216E-03,-22.61307E-03
+5.47300E-03,-52.76382E-03,-16.08040E-03
+5.47400E-03,-36.43216E-03,-16.08040E-03
+5.47500E-03,-46.48241E-03,-5.02513E-03
+5.47600E-03,-22.61307E-03,-16.08040E-03
+5.47700E-03,-40.20100E-03,-8.04020E-03
+5.47800E-03,-42.71357E-03,-16.08040E-03
+5.47900E-03,-52.76382E-03,-5.02513E-03
+5.48000E-03,-40.20100E-03,+0.0E+00
+5.48100E-03,-32.66332E-03,-5.02513E-03
+5.48200E-03,-60.30151E-03,-8.04020E-03
+5.48300E-03,-60.30151E-03,-13.06533E-03
+5.48400E-03,-40.20100E-03,-1.00503E-03
+5.48500E-03,-20.10050E-03,-18.59296E-03
+5.48600E-03,-40.20100E-03,+8.04020E-03
+5.48700E-03,-40.20100E-03,-8.04020E-03
+5.48800E-03,-36.43216E-03,-8.04020E-03
+5.48900E-03,-52.76382E-03,-8.04020E-03
+5.49000E-03,-22.61307E-03,-8.04020E-03
+5.49100E-03,-52.76382E-03,-13.06533E-03
+5.49200E-03,-22.61307E-03,-16.08040E-03
+5.49300E-03,-52.76382E-03,-8.04020E-03
+5.49400E-03,-40.20100E-03,-6.53266E-03
+5.49500E-03,-52.76382E-03,-24.12060E-03
+5.49600E-03,-60.30151E-03,-17.08543E-03
+5.49700E-03,-46.48241E-03,-16.08040E-03
+5.49800E-03,-36.43216E-03,-22.61307E-03
+5.49900E-03,-20.10050E-03,+2.51256E-03
+5.50000E-03,-40.20100E-03,-6.53266E-03
+5.50100E-03,-32.66332E-03,+0.0E+00
+5.50200E-03,-36.43216E-03,-9.04523E-03
+5.50300E-03,-40.20100E-03,-24.12060E-03
+5.50400E-03,-16.33166E-03,-22.61307E-03
+5.50500E-03,-46.48241E-03,-5.02513E-03
+5.50600E-03,-40.20100E-03,-8.04020E-03
+5.50700E-03,-40.20100E-03,+0.0E+00
+5.50800E-03,-40.20100E-03,-1.00503E-03
+5.50900E-03,-26.38191E-03,+0.0E+00
+5.51000E-03,-36.43216E-03,+1.00503E-03
+5.51100E-03,-40.20100E-03,-13.06533E-03
+5.51200E-03,-40.20100E-03,-16.08040E-03
+5.51300E-03,-20.10050E-03,-10.55276E-03
+5.51400E-03,-40.20100E-03,-16.08040E-03
+5.51500E-03,-26.38191E-03,-2.51256E-03
+5.51600E-03,-56.53266E-03,+8.04020E-03
+5.51700E-03,-52.76382E-03,+8.04020E-03
+5.51800E-03,-40.20100E-03,+9.04523E-03
+5.51900E-03,-40.20100E-03,+2.51256E-03
+5.52000E-03,-40.20100E-03,-6.53266E-03
+5.52100E-03,-40.20100E-03,+0.0E+00
+5.52200E-03,-56.53266E-03,-14.57286E-03
+5.52300E-03,-40.20100E-03,-5.02513E-03
+5.52400E-03,-20.10050E-03,-6.53266E-03
+5.52500E-03,-26.38191E-03,-8.04020E-03
+5.52600E-03,-20.10050E-03,-16.08040E-03
+5.52700E-03,-40.20100E-03,-2.51256E-03
+5.52800E-03,-40.20100E-03,+0.0E+00
+5.52900E-03,-26.38191E-03,-2.51256E-03
+5.53000E-03,-42.71357E-03,-6.53266E-03
+5.53100E-03,-40.20100E-03,-8.04020E-03
+5.53200E-03,-2.51256E-03,-1.00503E-03
+5.53300E-03,-40.20100E-03,+2.51256E-03
+5.53400E-03,-40.20100E-03,+5.02513E-03
+5.53500E-03,-26.38191E-03,-2.51256E-03
+5.53600E-03,-40.20100E-03,-1.00503E-03
+5.53700E-03,-40.20100E-03,+0.0E+00
+5.53800E-03,-40.20100E-03,-14.57286E-03
+5.53900E-03,-32.66332E-03,-8.04020E-03
+5.54000E-03,-36.43216E-03,-16.08040E-03
+5.54100E-03,-40.20100E-03,-8.04020E-03
+5.54200E-03,-56.53266E-03,+8.04020E-03
+5.54300E-03,-52.76382E-03,+8.04020E-03
+5.54400E-03,-56.53266E-03,+0.0E+00
+5.54500E-03,-60.30151E-03,+8.04020E-03
+5.54600E-03,-40.20100E-03,-6.53266E-03
+5.54700E-03,-46.48241E-03,+0.0E+00
+5.54800E-03,-40.20100E-03,-6.53266E-03
+5.54900E-03,-32.66332E-03,-10.55276E-03
+5.55000E-03,-40.20100E-03,-8.04020E-03
+5.55100E-03,-46.48241E-03,-8.04020E-03
+5.55200E-03,-60.30151E-03,-14.57286E-03
+5.55300E-03,-26.38191E-03,-16.08040E-03
+5.55400E-03,-22.61307E-03,-8.04020E-03
+5.55500E-03,-12.56281E-03,-10.55276E-03
+5.55600E-03,-36.43216E-03,-22.61307E-03
+5.55700E-03,-40.20100E-03,-5.02513E-03
+5.55800E-03,-56.53266E-03,+0.0E+00
+5.55900E-03,-40.20100E-03,-10.55276E-03
+5.56000E-03,-22.61307E-03,-9.04523E-03
+5.56100E-03,-52.76382E-03,-10.55276E-03
+5.56200E-03,-40.20100E-03,-9.04523E-03
+5.56300E-03,-32.66332E-03,-8.04020E-03
+5.56400E-03,-42.71357E-03,-8.04020E-03
+5.56500E-03,-32.66332E-03,-21.10553E-03
+5.56600E-03,-40.20100E-03,-14.57286E-03
+5.56700E-03,-40.20100E-03,-5.02513E-03
+5.56800E-03,-42.71357E-03,-22.61307E-03
+5.56900E-03,-52.76382E-03,+5.02513E-03
+5.57000E-03,-56.53266E-03,+0.0E+00
+5.57100E-03,-46.48241E-03,-8.04020E-03
+5.57200E-03,-42.71357E-03,-16.08040E-03
+5.57300E-03,-26.38191E-03,-10.55276E-03
+5.57400E-03,-22.61307E-03,-13.06533E-03
+5.57500E-03,-40.20100E-03,+0.0E+00
+5.57600E-03,-20.10050E-03,-14.57286E-03
+5.57700E-03,-52.76382E-03,-8.04020E-03
+5.57800E-03,-22.61307E-03,-14.57286E-03
+5.57900E-03,-26.38191E-03,-2.51256E-03
+5.58000E-03,-40.20100E-03,-6.53266E-03
+5.58100E-03,-40.20100E-03,-5.02513E-03
+5.58200E-03,-40.20100E-03,-14.57286E-03
+5.58300E-03,-52.76382E-03,-8.04020E-03
+5.58400E-03,-36.43216E-03,-14.57286E-03
+5.58500E-03,-32.66332E-03,-21.10553E-03
+5.58600E-03,-22.61307E-03,-17.08543E-03
+5.58700E-03,-46.48241E-03,-8.04020E-03
+5.58800E-03,-40.20100E-03,+6.53266E-03
+5.58900E-03,-40.20100E-03,-10.55276E-03
+5.59000E-03,-20.10050E-03,-1.00503E-03
+5.59100E-03,-20.10050E-03,-8.04020E-03
+5.59200E-03,-40.20100E-03,-6.53266E-03
+5.59300E-03,-52.76382E-03,-16.08040E-03
+5.59400E-03,-42.71357E-03,-16.08040E-03
+5.59500E-03,-40.20100E-03,-2.51256E-03
+5.59600E-03,-40.20100E-03,-14.57286E-03
+5.59700E-03,-40.20100E-03,-2.51256E-03
+5.59800E-03,-40.20100E-03,-8.04020E-03
+5.59900E-03,-32.66332E-03,-13.06533E-03
+5.60000E-03,-22.61307E-03,-14.57286E-03
+5.60100E-03,-46.48241E-03,-8.04020E-03
+5.60200E-03,-56.53266E-03,-8.04020E-03
+5.60300E-03,-32.66332E-03,-8.04020E-03
+5.60400E-03,-40.20100E-03,-6.53266E-03
+5.60500E-03,-26.38191E-03,-2.51256E-03
+5.60600E-03,-40.20100E-03,-16.08040E-03
+5.60700E-03,-52.76382E-03,-2.51256E-03
+5.60800E-03,-42.71357E-03,-8.04020E-03
+5.60900E-03,-40.20100E-03,+0.0E+00
+5.61000E-03,-40.20100E-03,-16.08040E-03
+5.61100E-03,-52.76382E-03,-32.16080E-03
+5.61200E-03,-60.30151E-03,-17.08543E-03
+5.61300E-03,-40.20100E-03,+8.04020E-03
+5.61400E-03,-40.20100E-03,+1.00503E-03
+5.61500E-03,-46.48241E-03,-16.08040E-03
+5.61600E-03,-20.10050E-03,-8.04020E-03
+5.61700E-03,-40.20100E-03,-18.59296E-03
+5.61800E-03,-40.20100E-03,-8.04020E-03
+5.61900E-03,-46.48241E-03,-2.51256E-03
+5.62000E-03,-42.71357E-03,-16.08040E-03
+5.62100E-03,-32.66332E-03,-8.04020E-03
+5.62200E-03,-26.38191E-03,+6.53266E-03
+5.62300E-03,-26.38191E-03,+5.02513E-03
+5.62400E-03,-22.61307E-03,-1.00503E-03
+5.62500E-03,-26.38191E-03,-8.04020E-03
+5.62600E-03,-26.38191E-03,-9.04523E-03
+5.62700E-03,-40.20100E-03,-5.02513E-03
+5.62800E-03,-20.10050E-03,-6.53266E-03
+5.62900E-03,-20.10050E-03,+5.02513E-03
+5.63000E-03,-42.71357E-03,-1.00503E-03
+5.63100E-03,-66.58291E-03,-2.51256E-03
+5.63200E-03,-56.53266E-03,-8.04020E-03
+5.63300E-03,-52.76382E-03,+0.0E+00
+5.63400E-03,-42.71357E-03,-17.08543E-03
+5.63500E-03,-40.20100E-03,-13.06533E-03
+5.63600E-03,-40.20100E-03,+6.53266E-03
+5.63700E-03,-32.66332E-03,-13.06533E-03
+5.63800E-03,-60.30151E-03,-16.08040E-03
+5.63900E-03,-52.76382E-03,-8.04020E-03
+5.64000E-03,-22.61307E-03,+6.53266E-03
+5.64100E-03,-46.48241E-03,+0.0E+00
+5.64200E-03,-40.20100E-03,-6.53266E-03
+5.64300E-03,-40.20100E-03,-8.04020E-03
+5.64400E-03,-40.20100E-03,+0.0E+00
+5.64500E-03,-46.48241E-03,-8.04020E-03
+5.64600E-03,-40.20100E-03,+0.0E+00
+5.64700E-03,-40.20100E-03,+0.0E+00
+5.64800E-03,-52.76382E-03,-8.04020E-03
+5.64900E-03,-26.38191E-03,-8.04020E-03
+5.65000E-03,-40.20100E-03,-2.51256E-03
+5.65100E-03,-40.20100E-03,-8.04020E-03
+5.65200E-03,-40.20100E-03,+0.0E+00
+5.65300E-03,-52.76382E-03,+0.0E+00
+5.65400E-03,-22.61307E-03,+13.06533E-03
+5.65500E-03,-40.20100E-03,-8.04020E-03
+5.65600E-03,-20.10050E-03,-9.04523E-03
+5.65700E-03,-40.20100E-03,+0.0E+00
+5.65800E-03,-40.20100E-03,+0.0E+00
+5.65900E-03,-40.20100E-03,+2.51256E-03
+5.66000E-03,-22.61307E-03,-1.00503E-03
+5.66100E-03,-20.10050E-03,+0.0E+00
+5.66200E-03,-40.20100E-03,-8.04020E-03
+5.66300E-03,-26.38191E-03,-8.04020E-03
+5.66400E-03,-40.20100E-03,-6.53266E-03
+5.66500E-03,-40.20100E-03,+8.04020E-03
+5.66600E-03,-42.71357E-03,+8.04020E-03
+5.66700E-03,-46.48241E-03,-16.08040E-03
+5.66800E-03,-16.33166E-03,-16.08040E-03
+5.66900E-03,-26.38191E-03,-8.04020E-03
+5.67000E-03,-40.20100E-03,-16.08040E-03
+5.67100E-03,-40.20100E-03,-8.04020E-03
+5.67200E-03,-40.20100E-03,-1.00503E-03
+5.67300E-03,-32.66332E-03,+8.04020E-03
+5.67400E-03,-40.20100E-03,-8.04020E-03
+5.67500E-03,-60.30151E-03,+5.02513E-03
+5.67600E-03,-40.20100E-03,+5.02513E-03
+5.67700E-03,-40.20100E-03,-2.51256E-03
+5.67800E-03,-42.71357E-03,+0.0E+00
+5.67900E-03,-26.38191E-03,-2.51256E-03
+5.68000E-03,-26.38191E-03,+0.0E+00
+5.68100E-03,-40.20100E-03,-2.51256E-03
+5.68200E-03,-40.20100E-03,-14.57286E-03
+5.68300E-03,-26.38191E-03,-8.04020E-03
+5.68400E-03,-20.10050E-03,-8.04020E-03
+5.68500E-03,-46.48241E-03,-5.02513E-03
+5.68600E-03,-40.20100E-03,-8.04020E-03
+5.68700E-03,-32.66332E-03,-8.04020E-03
+5.68800E-03,-42.71357E-03,-14.57286E-03
+5.68900E-03,-20.10050E-03,-13.06533E-03
+5.69000E-03,-56.53266E-03,-6.53266E-03
+5.69100E-03,-52.76382E-03,-8.04020E-03
+5.69200E-03,-56.53266E-03,-14.57286E-03
+5.69300E-03,-40.20100E-03,-8.04020E-03
+5.69400E-03,-56.53266E-03,-8.04020E-03
+5.69500E-03,-46.48241E-03,-18.59296E-03
+5.69600E-03,-22.61307E-03,+0.0E+00
+5.69700E-03,-40.20100E-03,+0.0E+00
+5.69800E-03,-40.20100E-03,-16.08040E-03
+5.69900E-03,-20.10050E-03,+0.0E+00
+5.70000E-03,-6.28141E-03,-8.04020E-03
+5.70100E-03,-26.38191E-03,+0.0E+00
+5.70200E-03,-40.20100E-03,+6.53266E-03
+5.70300E-03,-40.20100E-03,-16.08040E-03
+5.70400E-03,-26.38191E-03,-17.08543E-03
+5.70500E-03,-40.20100E-03,-8.04020E-03
+5.70600E-03,-22.61307E-03,-8.04020E-03
+5.70700E-03,-20.10050E-03,-2.51256E-03
+5.70800E-03,-20.10050E-03,+0.0E+00
+5.70900E-03,-46.48241E-03,-10.55276E-03
+5.71000E-03,-42.71357E-03,+6.53266E-03
+5.71100E-03,-20.10050E-03,+5.02513E-03
+5.71200E-03,-40.20100E-03,-16.08040E-03
+5.71300E-03,-20.10050E-03,-16.08040E-03
+5.71400E-03,-36.43216E-03,-8.04020E-03
+5.71500E-03,-52.76382E-03,-16.08040E-03
+5.71600E-03,-42.71357E-03,-8.04020E-03
+5.71700E-03,-60.30151E-03,-24.12060E-03
+5.71800E-03,-52.76382E-03,-8.04020E-03
+5.71900E-03,-40.20100E-03,+0.0E+00
+5.72000E-03,-40.20100E-03,+6.53266E-03
+5.72100E-03,-60.30151E-03,+0.0E+00
+5.72200E-03,-22.61307E-03,+8.04020E-03
+5.72300E-03,-40.20100E-03,+0.0E+00
+5.72400E-03,-40.20100E-03,-9.04523E-03
+5.72500E-03,-52.76382E-03,+0.0E+00
+5.72600E-03,-60.30151E-03,+0.0E+00
+5.72700E-03,-46.48241E-03,+2.51256E-03
+5.72800E-03,-40.20100E-03,+6.53266E-03
+5.72900E-03,-52.76382E-03,+0.0E+00
+5.73000E-03,-40.20100E-03,-14.57286E-03
+5.73100E-03,-26.38191E-03,-10.55276E-03
+5.73200E-03,-42.71357E-03,-17.08543E-03
+5.73300E-03,-26.38191E-03,-16.08040E-03
+5.73400E-03,-42.71357E-03,-1.00503E-03
+5.73500E-03,-46.48241E-03,-2.51256E-03
+5.73600E-03,-40.20100E-03,+0.0E+00
+5.73700E-03,-26.38191E-03,+2.51256E-03
+5.73800E-03,-20.10050E-03,-16.08040E-03
+5.73900E-03,-20.10050E-03,-10.55276E-03
+5.74000E-03,-22.61307E-03,-8.04020E-03
+5.74100E-03,-40.20100E-03,-16.08040E-03
+5.74200E-03,-56.53266E-03,-16.08040E-03
+5.74300E-03,-40.20100E-03,-10.55276E-03
+5.74400E-03,-42.71357E-03,-9.04523E-03
+5.74500E-03,-40.20100E-03,-5.02513E-03
+5.74600E-03,-40.20100E-03,-6.53266E-03
+5.74700E-03,-40.20100E-03,-8.04020E-03
+5.74800E-03,-40.20100E-03,+0.0E+00
+5.74900E-03,-20.10050E-03,-10.55276E-03
+5.75000E-03,-40.20100E-03,-8.04020E-03
+5.75100E-03,-40.20100E-03,-8.04020E-03
+5.75200E-03,-20.10050E-03,-8.04020E-03
+5.75300E-03,-40.20100E-03,-16.08040E-03
+5.75400E-03,-60.30151E-03,-14.57286E-03
+5.75500E-03,-40.20100E-03,-18.59296E-03
+5.75600E-03,-56.53266E-03,-17.08543E-03
+5.75700E-03,-26.38191E-03,-16.08040E-03
+5.75800E-03,-22.61307E-03,-8.04020E-03
+5.75900E-03,-40.20100E-03,+0.0E+00
+5.76000E-03,-40.20100E-03,-1.00503E-03
+5.76100E-03,-40.20100E-03,-8.04020E-03
+5.76200E-03,-22.61307E-03,+6.53266E-03
+5.76300E-03,-20.10050E-03,+0.0E+00
+5.76400E-03,-22.61307E-03,-1.00503E-03
+5.76500E-03,-52.76382E-03,-8.04020E-03
+5.76600E-03,-40.20100E-03,-24.12060E-03
+5.76700E-03,-40.20100E-03,-13.06533E-03
+5.76800E-03,-56.53266E-03,-16.08040E-03
+5.76900E-03,-40.20100E-03,-21.10553E-03
+5.77000E-03,-40.20100E-03,-9.04523E-03
+5.77100E-03,-40.20100E-03,-13.06533E-03
+5.77200E-03,-40.20100E-03,-9.04523E-03
+5.77300E-03,-20.10050E-03,+2.51256E-03
+5.77400E-03,-20.10050E-03,+9.04523E-03
+5.77500E-03,-40.20100E-03,+16.08040E-03
+5.77600E-03,-22.61307E-03,-16.08040E-03
+5.77700E-03,-60.30151E-03,-10.55276E-03
+5.77800E-03,-40.20100E-03,+0.0E+00
+5.77900E-03,-40.20100E-03,-10.55276E-03
+5.78000E-03,-36.43216E-03,-1.00503E-03
+5.78100E-03,-72.86432E-03,-8.04020E-03
+5.78200E-03,-56.53266E-03,+1.00503E-03
+5.78300E-03,-40.20100E-03,-8.04020E-03
+5.78400E-03,-72.86432E-03,-14.57286E-03
+5.78500E-03,-40.20100E-03,-8.04020E-03
+5.78600E-03,-40.20100E-03,-1.00503E-03
+5.78700E-03,-46.48241E-03,-8.04020E-03
+5.78800E-03,-22.61307E-03,-17.08543E-03
+5.78900E-03,-46.48241E-03,-8.04020E-03
+5.79000E-03,-22.61307E-03,-1.00503E-03
+5.79100E-03,-20.10050E-03,-16.08040E-03
+5.79200E-03,-36.43216E-03,+6.53266E-03
+5.79300E-03,-40.20100E-03,+8.04020E-03
+5.79400E-03,-36.43216E-03,-8.04020E-03
+5.79500E-03,-46.48241E-03,-16.08040E-03
+5.79600E-03,-36.43216E-03,+6.53266E-03
+5.79700E-03,-40.20100E-03,+8.04020E-03
+5.79800E-03,-56.53266E-03,+9.04523E-03
+5.79900E-03,-52.76382E-03,-2.51256E-03
+5.80000E-03,-40.20100E-03,+6.53266E-03
+5.80100E-03,-52.76382E-03,+2.51256E-03
+5.80200E-03,-40.20100E-03,+0.0E+00
+5.80300E-03,-40.20100E-03,-5.02513E-03
+5.80400E-03,-56.53266E-03,-8.04020E-03
+5.80500E-03,-40.20100E-03,-21.10553E-03
+5.80600E-03,+0.0E+00,-8.04020E-03
+5.80700E-03,-52.76382E-03,-10.55276E-03
+5.80800E-03,-60.30151E-03,-14.57286E-03
+5.80900E-03,-40.20100E-03,-18.59296E-03
+5.81000E-03,-40.20100E-03,-14.57286E-03
+5.81100E-03,-12.56281E-03,-10.55276E-03
+5.81200E-03,-42.71357E-03,-14.57286E-03
+5.81300E-03,-26.38191E-03,-8.04020E-03
+5.81400E-03,-56.53266E-03,+8.04020E-03
+5.81500E-03,-26.38191E-03,+8.04020E-03
+5.81600E-03,-40.20100E-03,+16.08040E-03
+5.81700E-03,-40.20100E-03,+0.0E+00
+5.81800E-03,-42.71357E-03,-8.04020E-03
+5.81900E-03,-52.76382E-03,-8.04020E-03
+5.82000E-03,-36.43216E-03,-6.53266E-03
+5.82100E-03,-20.10050E-03,-8.04020E-03
+5.82200E-03,-22.61307E-03,+0.0E+00
+5.82300E-03,-72.86432E-03,+0.0E+00
+5.82400E-03,-62.81407E-03,+1.00503E-03
+5.82500E-03,-32.66332E-03,+5.02513E-03
+5.82600E-03,-56.53266E-03,+0.0E+00
+5.82700E-03,-46.48241E-03,-2.51256E-03
+5.82800E-03,-40.20100E-03,+0.0E+00
+5.82900E-03,-40.20100E-03,-2.51256E-03
+5.83000E-03,-22.61307E-03,-6.53266E-03
+5.83100E-03,-52.76382E-03,-13.06533E-03
+5.83200E-03,-72.86432E-03,+0.0E+00
+5.83300E-03,-46.48241E-03,+5.02513E-03
+5.83400E-03,-42.71357E-03,-1.00503E-03
+5.83500E-03,-60.30151E-03,+0.0E+00
+5.83600E-03,-42.71357E-03,+0.0E+00
+5.83700E-03,-32.66332E-03,+5.02513E-03
+5.83800E-03,-60.30151E-03,+0.0E+00
+5.83900E-03,-40.20100E-03,+2.51256E-03
+5.84000E-03,-22.61307E-03,+0.0E+00
+5.84100E-03,-32.66332E-03,-5.02513E-03
+5.84200E-03,-40.20100E-03,-6.53266E-03
+5.84300E-03,-40.20100E-03,+0.0E+00
+5.84400E-03,-56.53266E-03,-21.10553E-03
+5.84500E-03,-26.38191E-03,-8.04020E-03
+5.84600E-03,-20.10050E-03,-8.04020E-03
+5.84700E-03,-40.20100E-03,+0.0E+00
+5.84800E-03,-36.43216E-03,+0.0E+00
+5.84900E-03,-40.20100E-03,+5.02513E-03
+5.85000E-03,-20.10050E-03,-8.04020E-03
+5.85100E-03,-40.20100E-03,+0.0E+00
+5.85200E-03,-56.53266E-03,+0.0E+00
+5.85300E-03,-20.10050E-03,+0.0E+00
+5.85400E-03,-40.20100E-03,-6.53266E-03
+5.85500E-03,-40.20100E-03,-5.02513E-03
+5.85600E-03,-40.20100E-03,-8.04020E-03
+5.85700E-03,-40.20100E-03,+5.02513E-03
+5.85800E-03,-20.10050E-03,+6.53266E-03
+5.85900E-03,-52.76382E-03,-16.08040E-03
+5.86000E-03,-56.53266E-03,-14.57286E-03
+5.86100E-03,-32.66332E-03,-10.55276E-03
+5.86200E-03,-40.20100E-03,-6.53266E-03
+5.86300E-03,-40.20100E-03,-13.06533E-03
+5.86400E-03,-40.20100E-03,+6.53266E-03
+5.86500E-03,-26.38191E-03,-8.04020E-03
+5.86600E-03,-22.61307E-03,-16.08040E-03
+5.86700E-03,-26.38191E-03,-10.55276E-03
+5.86800E-03,-22.61307E-03,-22.61307E-03
+5.86900E-03,-26.38191E-03,-16.08040E-03
+5.87000E-03,-40.20100E-03,-8.04020E-03
+5.87100E-03,-40.20100E-03,-16.08040E-03
